Runs,Mins,BF,4s,6s,SR,Pos,Dismissed,Inns,Opposition,Ground,Start Date,MatchNo,Batter
42.0,-,19.0,5,3,221.05,6,1,1,v Ireland,Dublin (Malahide),2016-06-16,ODI # 3748,Dasun Shanaka
1.0,-,2.0,0,0,50.00,4,1,1,v Ireland,Dublin (Malahide),2016-06-18,ODI # 3749,Dasun Shanaka
20.0,23,19.0,1,1,105.26,8,1,1,v England,Nottingham,2016-06-21,ODI # 3751,Dasun Shanaka
2.0,9,8.0,0,0,25.00,8,1,1,v England,Bristol,2016-06-26,ODI # 3755,Dasun Shanaka
19.0,16,10.0,3,0,190.00,7,0,1,v England,The Oval,2016-06-29,ODI # 3757,Dasun Shanaka
22.0,24,29.0,1,1,75.86,7,1,2,v England,Cardiff,2016-07-02,ODI # 3758,Dasun Shanaka
13.0,38,17.0,1,0,76.47,7,1,1,v Australia,Pallekele,2016-09-04,ODI # 3776,Dasun Shanaka
65.0,-,34.0,4,5,191.17,8,1,1,v South Africa,Pallekele,2018-08-08,ODI # 4030,Dasun Shanaka
21.0,-,15.0,2,1,140.00,8,1,1,v South Africa,Colombo (RPS),2018-08-12,ODI # 4031,Dasun Shanaka
7.0,-,22.0,0,0,31.81,6,1,2,v Bangladesh,Dubai (DSC),2018-09-15,ODI # 4036,Dasun Shanaka
0.0,-,2.0,0,0,0.00,8,1,2,v Afghanistan,Abu Dhabi,2018-09-17,ODI # 4038,Dasun Shanaka
8.0,18,15.0,1,0,53.33,5,1,2,v England,Dambulla,2018-10-13,ODI # 4053,Dasun Shanaka
21.0,-,10.0,1,2,210.00,7,1,1,v England,Pallekele,2018-10-17,ODI # 4054,Dasun Shanaka
66.0,-,66.0,4,5,100.00,6,1,1,v England,Pallekele,2018-10-20,ODI # 4055,Dasun Shanaka
18.0,-,11.0,3,0,163.63,5,1,1,v England,Colombo (RPS),2018-10-23,ODI # 4058,Dasun Shanaka
2.0,-,7.0,0,0,28.57,5,1,2,v New Zealand,Nelson,2019-01-08,ODI # 4076,Dasun Shanaka
30.0,-,14.0,2,2,214.28,6,1,1,v Bangladesh,Colombo (RPS),2019-07-31,ODI # 4195,Dasun Shanaka
68.0,-,80.0,6,2,85.00,7,1,2,v Pakistan,Karachi,2019-09-30,ODI # 4211,Dasun Shanaka
43.0,-,24.0,5,2,179.16,7,1,1,v Pakistan,Karachi,2019-10-02,ODI # 4212,Dasun Shanaka
22.0,41,27.0,1,0,81.48,5,1,1,v West Indies,North Sound,2021-03-14,ODI # 4278,Dasun Shanaka
14.0,35,25.0,1,0,56.00,7,1,2,v Bangladesh,Mirpur,2021-05-23,ODI # 4290,Dasun Shanaka
11.0,19,19.0,0,1,57.89,7,1,2,v Bangladesh,Mirpur,2021-05-25,ODI # 4291,Dasun Shanaka
1.0,14,9.0,0,0,11.11,4,1,1,v England,Chester-le-Street,2021-06-29,ODI # 4296,Dasun Shanaka
47.0,100,67.0,2,1,70.14,7,1,1,v England,The Oval,2021-07-01,ODI # 4297,Dasun Shanaka
48.0,122,65.0,2,2,73.84,7,0,1,v England,Bristol,2021-07-04,ODI # 4298,Dasun Shanaka
39.0,82,50.0,2,1,78.00,6,1,1,v India,Colombo (RPS),2021-07-18,ODI # 4307,Dasun Shanaka
16.0,38,24.0,1,0,66.66,6,1,1,v India,Colombo (RPS),2021-07-20,ODI # 4309,Dasun Shanaka
0.0,6,1.0,0,0,0.00,6,1,2,v India,Colombo (RPS),2021-07-23,ODI # 4312,Dasun Shanaka
6.0,16,9.0,1,0,66.66,6,1,1,v South Africa,Colombo (RPS),2021-09-02,ODI # 4314,Dasun Shanaka
30.0,50,41.0,2,0,73.17,6,1,2,v South Africa,Colombo (RPS),2021-09-04,ODI # 4315,Dasun Shanaka
13.0,18,12.0,1,0,108.33,6,1,1,v South Africa,Colombo (RPS),2021-09-07,ODI # 4318,Dasun Shanaka
10.0,18,12.0,1,0,83.33,6,0,2,v Zimbabwe,Pallekele,2022-01-16,ODI # 4341,Dasun Shanaka
102.0,129,94.0,7,4,108.51,6,1,2,v Zimbabwe,Pallekele,2022-01-18,ODI # 4343,Dasun Shanaka
15.0,34,23.0,1,0,65.21,6,1,1,v Zimbabwe,Pallekele,2022-01-21,ODI # 4347,Dasun Shanaka
6.0,16,7.0,1,0,85.71,6,1,1,v Australia,Pallekele,2022-06-14,ODI # 4409,Dasun Shanaka
34.0,58,36.0,5,0,94.44,6,1,1,v Australia,Pallekele,2022-06-16,ODI # 4412,Dasun Shanaka
0.0,3,2.0,0,0,0.00,6,1,2,v Australia,Colombo (RPS),2022-06-19,ODI # 4415,Dasun Shanaka
4.0,20,8.0,0,0,50.00,6,1,1,v Australia,Colombo (RPS),2022-06-21,ODI # 4416,Dasun Shanaka
1.0,11,3.0,0,0,33.33,6,1,1,v Australia,Colombo (RPS),2022-06-24,ODI # 4418,Dasun Shanaka
16.0,37,27.0,2,0,59.25,6,1,2,v Afghanistan,Pallekele,2022-11-25,ODI # 4485,Dasun Shanaka
43.0,55,44.0,5,0,97.72,6,1,2,v Afghanistan,Pallekele,2022-11-30,ODI # 4490,Dasun Shanaka
108.0,112,88.0,12,3,122.72,6,0,2,v India,Guwahati,2023-01-10,ODI # 4501,Dasun Shanaka
2.0,8,4.0,0,0,50.00,6,1,1,v India,Eden Gardens,2023-01-12,ODI # 4503,Dasun Shanaka
11.0,42,26.0,2,0,42.30,5,1,2,v India,Thiruvananthapuram,2023-01-15,ODI # 4505,Dasun Shanaka
0.0,1,1.0,0,0,0.00,6,1,2,v New Zealand,Auckland,2023-03-25,ODI # 4548,Dasun Shanaka
31.0,54,36.0,2,2,86.11,7,1,1,v New Zealand,Hamilton,2023-03-31,ODI # 4557,Dasun Shanaka
17.0,24,16.0,1,0,106.25,7,1,1,v Afghanistan,Hambantota,2023-06-02,ODI # 4579,Dasun Shanaka
23.0,19,13.0,2,1,176.92,7,1,1,v Afghanistan,Hambantota,2023-06-04,ODI # 4580,Dasun Shanaka
1.0,-,3.0,0,0,33.33,6,1,1,v U.A.E.,Bulawayo,2023-06-19,ODI # 4587,Dasun Shanaka
5.0,11,7.0,0,0,71.42,7,1,1,v Ireland,Bulawayo,2023-06-25,ODI # 4599,Dasun Shanaka
0.0,1,1.0,0,0,0.00,7,1,1,v Scotland,Bulawayo,2023-06-27,ODI # 4603,Dasun Shanaka
5.0,28,20.0,0,0,25.00,7,1,1,v Netherlands,Bulawayo,2023-06-30,ODI # 4606,Dasun Shanaka
1.0,2,2.0,0,0,50.00,7,1,1,v Netherlands,Harare,2023-07-09,ODI # 4620,Dasun Shanaka
4.0,20,10.0,0,0,40.00,1,1,1,v India,Ranchi,2014-11-16,ODI # 3547,Niroshan Dickwella
41.0,49,38.0,6,0,107.89,3,1,2,v Zimbabwe,Harare,2016-11-14,ODI # 3804,Niroshan Dickwella
28.0,61,45.0,3,0,62.22,3,1,2,v West Indies,Harare,2016-11-16,ODI # 3805,Niroshan Dickwella
94.0,135,106.0,7,1,88.67,3,1,1,v West Indies,Bulawayo,2016-11-23,ODI # 3808,Niroshan Dickwella
16.0,18,16.0,2,0,100.00,3,1,2,v Zimbabwe,Bulawayo,2016-11-27,ODI # 3810,Niroshan Dickwella
1.0,5,4.0,0,0,25.00,1,1,1,v South Africa,Gqeberha,2017-01-28,ODI # 3828,Niroshan Dickwella
25.0,35,22.0,3,0,113.63,1,1,2,v South Africa,Durban,2017-02-01,ODI # 3830,Niroshan Dickwella
74.0,151,80.0,7,0,92.50,1,1,1,v South Africa,Johannesburg,2017-02-04,ODI # 3831,Niroshan Dickwella
58.0,65,47.0,9,0,123.40,1,1,2,v South Africa,Cape Town,2017-02-07,ODI # 3833,Niroshan Dickwella
39.0,34,19.0,5,2,205.26,1,1,2,v South Africa,Centurion,2017-02-10,ODI # 3834,Niroshan Dickwella
41.0,42,33.0,5,1,124.24,1,1,2,v South Africa,The Oval,2017-06-03,ODI # 3877,Niroshan Dickwella
7.0,20,18.0,0,0,38.88,1,1,2,v India,The Oval,2017-06-08,ODI # 3882,Niroshan Dickwella
73.0,158,86.0,4,0,84.88,1,1,1,v Pakistan,Cardiff,2017-06-12,ODI # 3888,Niroshan Dickwella
10.0,17,13.0,1,0,76.92,1,1,1,v Zimbabwe,Galle,2017-06-30,ODI # 3897,Niroshan Dickwella
35.0,73,54.0,4,0,64.81,1,1,2,v Zimbabwe,Galle,2017-07-02,ODI # 3899,Niroshan Dickwella
102.0,148,116.0,14,0,87.93,1,1,2,v Zimbabwe,Hambantota,2017-07-06,ODI # 3901,Niroshan Dickwella
116.0,172,118.0,8,0,98.30,1,1,1,v Zimbabwe,Hambantota,2017-07-08,ODI # 3903,Niroshan Dickwella
3.0,4,8.0,0,0,37.50,1,1,1,v Zimbabwe,Hambantota,2017-07-10,ODI # 3904,Niroshan Dickwella
64.0,-,74.0,8,0,86.48,1,1,1,v India,Dambulla,2017-08-20,ODI # 3905,Niroshan Dickwella
31.0,-,24.0,3,2,129.16,1,1,1,v India,Pallekele,2017-08-24,ODI # 3906,Niroshan Dickwella
13.0,-,15.0,2,0,86.66,1,1,1,v India,Pallekele,2017-08-27,ODI # 3907,Niroshan Dickwella
14.0,-,11.0,3,0,127.27,1,1,2,v India,Colombo (RPS),2017-08-31,ODI # 3908,Niroshan Dickwella
2.0,-,6.0,0,0,33.33,1,1,1,v India,Colombo (RPS),2017-09-03,ODI # 3909,Niroshan Dickwella
19.0,-,13.0,3,0,146.15,1,1,2,v Pakistan,Dubai (DSC),2017-10-13,ODI # 3922,Niroshan Dickwella
3.0,-,7.0,0,0,42.85,1,1,2,v Pakistan,Abu Dhabi,2017-10-16,ODI # 3924,Niroshan Dickwella
18.0,-,26.0,2,0,69.23,1,1,1,v Pakistan,Abu Dhabi,2017-10-18,ODI # 3926,Niroshan Dickwella
22.0,-,16.0,3,1,137.50,1,1,1,v Pakistan,Sharjah,2017-10-20,ODI # 3927,Niroshan Dickwella
0.0,-,2.0,0,0,0.00,5,1,1,v Pakistan,Sharjah,2017-10-23,ODI # 3930,Niroshan Dickwella
26.0,38,24.0,5,0,108.33,5,0,2,v India,Dharamsala,2017-12-10,ODI # 3939,Niroshan Dickwella
22.0,32,20.0,4,0,110.00,5,1,2,v India,Mohali,2017-12-13,ODI # 3941,Niroshan Dickwella
8.0,3,4.0,2,0,200.00,5,1,1,v India,Visakhapatnam,2017-12-17,ODI # 3942,Niroshan Dickwella
16.0,-,22.0,0,0,72.72,4,1,2,v Bangladesh,Mirpur,2018-01-19,ODI # 3959,Niroshan Dickwella
7.0,-,17.0,1,0,41.17,4,1,2,v Zimbabwe,Mirpur,2018-01-21,ODI # 3962,Niroshan Dickwella
42.0,-,57.0,4,0,73.68,4,1,1,v Bangladesh,Mirpur,2018-01-27,ODI # 3967,Niroshan Dickwella
2.0,-,3.0,0,0,66.66,1,1,1,v South Africa,Dambulla,2018-07-29,ODI # 4025,Niroshan Dickwella
69.0,-,78.0,10,0,88.46,2,1,1,v South Africa,Dambulla,2018-08-01,ODI # 4027,Niroshan Dickwella
10.0,-,10.0,2,0,100.00,2,1,2,v South Africa,Pallekele,2018-08-05,ODI # 4029,Niroshan Dickwella
34.0,-,35.0,6,0,97.14,1,1,1,v South Africa,Pallekele,2018-08-08,ODI # 4030,Niroshan Dickwella
43.0,-,65.0,5,0,66.15,1,1,1,v South Africa,Colombo (RPS),2018-08-12,ODI # 4031,Niroshan Dickwella
9.0,15,9.0,2,0,100.00,1,1,2,v England,Dambulla,2018-10-13,ODI # 4053,Niroshan Dickwella
36.0,-,20.0,8,0,180.00,1,1,1,v England,Pallekele,2018-10-17,ODI # 4054,Niroshan Dickwella
52.0,-,70.0,5,0,74.28,1,1,1,v England,Pallekele,2018-10-20,ODI # 4055,Niroshan Dickwella
95.0,-,97.0,12,0,97.93,1,1,1,v England,Colombo (RPS),2018-10-23,ODI # 4058,Niroshan Dickwella
76.0,-,50.0,8,3,152.00,1,1,2,v New Zealand,Mount Maunganui,2019-01-03,ODI # 4074,Niroshan Dickwella
9.0,-,10.0,1,0,90.00,1,1,2,v New Zealand,Mount Maunganui,2019-01-05,ODI # 4075,Niroshan Dickwella
46.0,-,37.0,3,2,124.32,1,1,2,v New Zealand,Nelson,2019-01-08,ODI # 4076,Niroshan Dickwella
8.0,7,7.0,2,0,114.28,1,1,1,v South Africa,Johannesburg,2019-03-03,ODI # 4104,Niroshan Dickwella
6.0,10,10.0,0,0,60.00,1,1,2,v South Africa,Centurion,2019-03-06,ODI # 4107,Niroshan Dickwella
2.0,10,7.0,0,0,28.57,2,1,2,v South Africa,Durban,2019-03-10,ODI # 4112,Niroshan Dickwella
7.0,16,9.0,0,0,77.77,6,1,1,v Bangladesh,Mirpur,2021-05-28,ODI # 4292,Niroshan Dickwella
25.0,33,26.0,5,0,96.15,1,1,2,v Australia,Colombo (RPS),2022-06-19,ODI # 4415,Niroshan Dickwella
1.0,8,3.0,0,0,33.33,1,1,1,v Australia,Colombo (RPS),2022-06-21,ODI # 4416,Niroshan Dickwella
50.0,98,60.0,4,0,83.33,6,1,1,v West Indies,North Sound,2021-03-10,ODI # 4276,Ashen Bandara
18.0,33,28.0,1,0,64.28,6,1,1,v West Indies,North Sound,2021-03-12,ODI # 4277,Ashen Bandara
55.0,111,74.0,3,1,74.32,6,0,1,v West Indies,North Sound,2021-03-14,ODI # 4278,Ashen Bandara
3.0,16,24.0,0,0,12.50,6,1,2,v Bangladesh,Mirpur,2021-05-23,ODI # 4290,Ashen Bandara
15.0,51,31.0,1,0,48.38,6,1,2,v Bangladesh,Mirpur,2021-05-25,ODI # 4291,Ashen Bandara
50.0,101,63.0,6,0,79.36,2,1,1,v India,Eden Gardens,2023-01-12,ODI # 4503,Nuwanidu Fernando
19.0,34,27.0,4,0,70.37,2,1,2,v India,Thiruvananthapuram,2023-01-15,ODI # 4505,Nuwanidu Fernando
4.0,8,6.0,0,0,66.66,2,1,2,v New Zealand,Auckland,2023-03-25,ODI # 4548,Nuwanidu Fernando
2.0,12,9.0,0,0,22.22,2,1,1,v New Zealand,Hamilton,2023-03-31,ODI # 4557,Nuwanidu Fernando
4.0,7,2.0,1,0,200.00,11,0,2,v New Zealand,Auckland,2023-03-25,ODI # 4548,Dilshan Madushanka
1.0,6,5.0,0,0,20.00,11,0,1,v Netherlands,Bulawayo,2023-06-30,ODI # 4606,Dilshan Madushanka
0.0,2,0.0,0,0,-,11,0,1,v Netherlands,Harare,2023-07-09,ODI # 4620,Dilshan Madushanka
57.0,95,71.0,4,0,80.28,4,1,1,v Netherlands,Harare,2023-07-09,ODI # 4620,Sahan Arachchige
1.0,4,1.0,0,0,100.00,11,0,1,v England,The Oval,2021-07-01,ODI # 4297,Asitha Fernando
0.0,19,5.0,0,0,0.00,11,1,1,v England,Bristol,2021-07-04,ODI # 4298,Asitha Fernando
2.0,8,9.0,0,0,22.22,6,1,1,v England,Chester-le-Street,2021-06-29,ODI # 4296,Dhananjaya Lakshan
2.0,13,4.0,0,0,50.00,8,1,2,v Afghanistan,Pallekele,2022-11-25,ODI # 4485,Dhananjaya Lakshan
20.0,38,35.0,1,1,57.14,8,1,1,v Australia,Pallekele,2022-06-16,ODI # 4412,Dunith Wellalage
19.0,43,35.0,0,0,54.28,7,1,1,v Australia,Colombo (RPS),2022-06-21,ODI # 4416,Dunith Wellalage
4.0,3,2.0,1,0,200.00,7,1,1,v Australia,Colombo (RPS),2022-06-24,ODI # 4418,Dunith Wellalage
31.0,38,21.0,4,1,147.61,8,0,2,v Afghanistan,Pallekele,2022-11-30,ODI # 4490,Dunith Wellalage
0.0,3,1.0,0,0,0.00,8,1,2,v India,Guwahati,2023-01-10,ODI # 4501,Dunith Wellalage
32.0,68,34.0,3,1,94.11,8,1,1,v India,Eden Gardens,2023-01-12,ODI # 4503,Dunith Wellalage
3.0,21,13.0,0,0,23.07,8,1,2,v India,Thiruvananthapuram,2023-01-15,ODI # 4505,Dunith Wellalage
7.0,16,16.0,0,0,43.75,11,0,1,v New Zealand,Christchurch,2015-12-28,ODI # 3715,Jeffrey Vandersay
8.0,15,16.0,1,0,50.00,9,1,1,v South Africa,Gqeberha,2017-01-28,ODI # 3828,Jeffrey Vandersay
7.0,17,18.0,1,0,38.88,9,1,2,v South Africa,Centurion,2017-02-10,ODI # 3834,Jeffrey Vandersay
25.0,-,47.0,1,0,53.19,9,1,2,v Pakistan,Dubai (DSC),2017-10-13,ODI # 3922,Jeffrey Vandersay
22.0,-,55.0,0,0,40.00,9,1,2,v Pakistan,Abu Dhabi,2017-10-16,ODI # 3924,Jeffrey Vandersay
0.0,-,4.0,0,0,0.00,7,1,1,v Pakistan,Abu Dhabi,2017-10-18,ODI # 3926,Jeffrey Vandersay
2.0,-,10.0,0,0,20.00,9,1,1,v Pakistan,Sharjah,2017-10-23,ODI # 3930,Jeffrey Vandersay
4.0,12,8.0,0,0,50.00,9,1,2,v Zimbabwe,Pallekele,2022-01-18,ODI # 4343,Jeffrey Vandersay
3.0,7,3.0,0,0,100.00,10,0,1,v Zimbabwe,Pallekele,2022-01-21,ODI # 4347,Jeffrey Vandersay
7.0,17,10.0,0,0,70.00,9,1,1,v Australia,Pallekele,2022-06-16,ODI # 4412,Jeffrey Vandersay
0.0,4,2.0,0,0,0.00,10,1,1,v Australia,Colombo (RPS),2022-06-21,ODI # 4416,Jeffrey Vandersay
4.0,30,23.0,0,0,17.39,9,1,1,v Australia,Colombo (RPS),2022-06-24,ODI # 4418,Jeffrey Vandersay
0.0,15,9.0,0,0,0.00,7,1,2,v Zimbabwe,Harare,2008-11-28,ODI # 2784,Angelo Mathews
31.0,44,30.0,0,1,103.33,7,1,1,v Zimbabwe,Harare,2008-11-30,ODI # 2785,Angelo Mathews
52.0,114,96.0,1,2,54.16,7,0,1,v Zimbabwe,Mirpur,2009-01-12,ODI # 2791,Angelo Mathews
2.0,-,5.0,0,0,40.00,7,1,1,v Bangladesh,Mirpur,2009-01-14,ODI # 2793,Angelo Mathews
6.0,8,9.0,0,0,66.66,7,1,2,v India,Colombo (RPS),2009-02-05,ODI # 2815,Angelo Mathews
43.0,69,50.0,3,0,86.00,7,1,1,v Pakistan,Dambulla,2009-07-30,ODI # 2864,Angelo Mathews
8.0,23,10.0,1,0,80.00,7,1,2,v Pakistan,Colombo (RPS),2009-08-07,ODI # 2868,Angelo Mathews
5.0,10,9.0,1,0,55.55,7,1,2,v Pakistan,Colombo (RPS),2009-08-09,ODI # 2870,Angelo Mathews
51.0,96,60.0,4,0,85.00,7,1,1,v New Zealand,Colombo (RPS),2009-09-08,ODI # 2884,Angelo Mathews
19.0,57,37.0,1,0,51.35,5,1,1,v India,Colombo (RPS),2009-09-12,ODI # 2887,Angelo Mathews
14.0,14,11.0,1,1,127.27,6,1,2,v India,Colombo (RPS),2009-09-14,ODI # 2889,Angelo Mathews
15.0,18,14.0,0,0,107.14,6,1,1,v South Africa,Centurion,2009-09-22,ODI # 2893,Angelo Mathews
52.0,87,73.0,6,0,71.23,7,1,1,v England,Johannesburg,2009-09-25,ODI # 2896,Angelo Mathews
2.0,10,11.0,0,0,18.18,7,1,2,v New Zealand,Johannesburg,2009-09-27,ODI # 2899,Angelo Mathews
38.0,50,33.0,2,0,115.15,7,1,2,v India,Rajkot,2009-12-15,ODI # 2932,Angelo Mathews
37.0,62,25.0,4,0,148.00,6,0,2,v India,Nagpur,2009-12-18,ODI # 2933,Angelo Mathews
75.0,152,95.0,2,2,78.94,4,1,1,v India,Bulawayo,2010-05-30,ODI # 2983,Angelo Mathews
55.0,83,61.0,4,0,90.16,6,0,1,v Pakistan,Dambulla,2010-06-15,ODI # 2991,Angelo Mathews
42.0,53,41.0,1,1,102.43,5,0,1,v Bangladesh,Dambulla,2010-06-18,ODI # 2995,Angelo Mathews
0.0,3,2.0,0,0,0.00,5,1,2,v India,Dambulla,2010-06-24,ODI # 3001,Angelo Mathews
0.0,6,1.0,0,0,0.00,6,1,2,v New Zealand,Dambulla,2010-08-13,ODI # 3031,Angelo Mathews
15.0,44,26.0,2,0,57.69,6,1,1,v India,Dambulla,2010-08-16,ODI # 3032,Angelo Mathews
1.0,9,4.0,0,0,25.00,6,1,1,v India,Dambulla,2010-08-28,ODI # 3040,Angelo Mathews
77.0,127,84.0,8,1,91.66,6,0,2,v Australia,Melbourne,2010-11-03,ODI # 3065,Angelo Mathews
17.0,18,11.0,2,0,154.54,5,0,1,v Australia,Sydney,2010-11-05,ODI # 3066,Angelo Mathews
9.0,35,16.0,0,0,56.25,6,1,1,v Australia,Brisbane,2010-11-07,ODI # 3068,Angelo Mathews
36.0,28,22.0,1,1,163.63,8,0,1,v West Indies,Colombo (SSC),2011-02-06,ODI # 3099,Angelo Mathews
21.0,25,16.0,3,0,131.25,6,1,1,v Canada,Hambantota,2011-02-20,ODI # 3102,Angelo Mathews
18.0,24,20.0,2,0,90.00,7,1,2,v Pakistan,Colombo (RPS),2011-02-26,ODI # 3109,Angelo Mathews
0.0,1,1.0,0,0,0.00,6,1,1,v Zimbabwe,Pallekele,2011-03-10,ODI # 3125,Angelo Mathews
41.0,67,35.0,4,0,117.14,5,0,1,v New Zealand,Wankhede,2011-03-18,ODI # 3137,Angelo Mathews
14.0,31,18.0,1,1,77.77,7,0,2,v New Zealand,Colombo (RPS),2011-03-29,ODI # 3146,Angelo Mathews
16.0,29,16.0,3,0,100.00,6,1,2,v England,The Oval,2011-06-28,ODI # 3165,Angelo Mathews
46.0,58,30.0,7,0,153.33,5,0,1,v England,Leeds,2011-07-01,ODI # 3167,Angelo Mathews
1.0,23,21.0,0,0,4.76,6,0,2,v England,Lord's,2011-07-03,ODI # 3168,Angelo Mathews
39.0,60,49.0,1,2,79.59,7,1,1,v England,Nottingham,2011-07-06,ODI # 3169,Angelo Mathews
62.0,102,64.0,6,0,96.87,6,1,2,v England,Manchester,2011-07-09,ODI # 3170,Angelo Mathews
23.0,39,27.0,1,0,85.18,6,1,1,v Scotland,Edinburgh,2011-07-13,ODI # 3172,Angelo Mathews
15.0,31,18.0,3,0,83.33,6,1,1,v Australia,Pallekele,2011-08-10,ODI # 3175,Angelo Mathews
35.0,87,62.0,1,0,56.45,6,1,1,v Australia,Hambantota,2011-08-14,ODI # 3178,Angelo Mathews
6.0,8,6.0,0,0,100.00,6,1,1,v Australia,Colombo (RPS),2011-08-20,ODI # 3182,Angelo Mathews
26.0,77,49.0,2,0,53.06,6,1,2,v Australia,Colombo (RPS),2011-08-22,ODI # 3184,Angelo Mathews
10.0,31,31.0,0,0,32.25,6,1,1,v Pakistan,Dubai (DSC),2011-11-11,ODI # 3212,Angelo Mathews
3.0,7,4.0,0,0,75.00,6,1,1,v Pakistan,Dubai (DSC),2011-11-14,ODI # 3213,Angelo Mathews
32.0,79,40.0,2,1,80.00,6,0,2,v Pakistan,Dubai (DSC),2011-11-18,ODI # 3214,Angelo Mathews
0.0,2,4.0,0,0,0.00,6,1,2,v Pakistan,Sharjah,2011-11-20,ODI # 3215,Angelo Mathews
61.0,119,101.0,2,2,60.39,6,1,1,v Pakistan,Abu Dhabi,2011-11-23,ODI # 3216,Angelo Mathews
0.0,1,2.0,0,0,0.00,6,1,2,v South Africa,Paarl,2012-01-11,ODI # 3225,Angelo Mathews
28.0,47,29.0,1,1,96.55,7,1,1,v South Africa,East London,2012-01-14,ODI # 3226,Angelo Mathews
15.0,23,14.0,2,0,107.14,7,1,1,v South Africa,Bloemfontein,2012-01-17,ODI # 3227,Angelo Mathews
21.0,35,25.0,0,0,84.00,7,0,2,v South Africa,Kimberley,2012-01-20,ODI # 3228,Angelo Mathews
6.0,11,5.0,1,0,120.00,6,1,2,v South Africa,Johannesburg,2012-01-22,ODI # 3229,Angelo Mathews
33.0,48,28.0,2,0,117.85,7,0,1,v India,Perth,2012-02-08,ODI # 3233,Angelo Mathews
64.0,101,76.0,4,1,84.21,7,1,2,v Australia,Perth,2012-02-10,ODI # 3235,Angelo Mathews
17.0,41,30.0,1,0,56.66,6,1,1,v India,Adelaide,2012-02-14,ODI # 3239,Angelo Mathews
49.0,58,37.0,4,1,132.43,6,0,1,v India,Brisbane,2012-02-21,ODI # 3246,Angelo Mathews
24.0,55,31.0,1,0,77.41,6,1,2,v Australia,Hobart,2012-02-24,ODI # 3248,Angelo Mathews
14.0,14,10.0,1,0,140.00,5,1,1,v India,Hobart,2012-02-28,ODI # 3251,Angelo Mathews
5.0,10,8.0,0,0,62.50,6,1,1,v Australia,Melbourne,2012-03-02,ODI # 3253,Angelo Mathews
0.0,9,5.0,0,0,0.00,6,1,1,v Pakistan,Pallekele,2012-06-07,ODI # 3272,Angelo Mathews
10.0,33,11.0,0,0,90.90,7,0,1,v Pakistan,Colombo (RPS),2012-06-16,ODI # 3275,Angelo Mathews
80.0,129,76.0,4,2,105.26,6,0,2,v Pakistan,Colombo (RPS),2012-06-18,ODI # 3277,Angelo Mathews
7.0,31,17.0,0,0,41.17,6,1,2,v India,Hambantota,2012-07-21,ODI # 3291,Angelo Mathews
71.0,94,57.0,5,1,124.56,6,0,1,v India,Colombo (RPS),2012-07-28,ODI # 3293,Angelo Mathews
14.0,27,34.0,1,0,41.17,6,1,1,v India,Colombo (RPS),2012-07-31,ODI # 3294,Angelo Mathews
13.0,14,16.0,2,0,81.25,5,1,2,v India,Pallekele,2012-08-04,ODI # 3295,Angelo Mathews
7.0,18,13.0,0,0,53.84,5,0,2,v New Zealand,Pallekele,2012-11-04,ODI # 3305,Angelo Mathews
54.0,82,47.0,7,0,114.89,5,0,2,v New Zealand,Pallekele,2012-11-06,ODI # 3306,Angelo Mathews
2.0,7,4.0,0,0,50.00,5,0,2,v New Zealand,Hambantota,2012-11-10,ODI # 3307,Angelo Mathews
0.0,5,4.0,0,0,0.00,4,1,1,v New Zealand,Hambantota,2012-11-12,ODI # 3308,Angelo Mathews
12.0,17,14.0,0,0,85.71,5,1,2,v Australia,Melbourne,2013-01-11,ODI # 3317,Angelo Mathews
0.0,1,1.0,0,0,0.00,5,1,2,v Australia,Brisbane,2013-01-18,ODI # 3321,Angelo Mathews
67.0,122,79.0,7,0,84.81,5,1,2,v Australia,Hobart,2013-01-23,ODI # 3326,Angelo Mathews
6.0,11,9.0,0,0,66.66,5,1,1,v Bangladesh,Pallekele,2013-03-28,ODI # 3352,Angelo Mathews
9.0,49,34.0,1,0,26.47,6,1,1,v New Zealand,Cardiff,2013-06-09,ODI # 3366,Angelo Mathews
12.0,29,20.0,1,0,60.00,6,1,1,v Australia,The Oval,2013-06-17,ODI # 3374,Angelo Mathews
51.0,104,89.0,1,1,57.30,6,1,1,v India,Cardiff,2013-06-20,ODI # 3376,Angelo Mathews
55.0,118,77.0,5,0,71.42,5,0,1,v West Indies,Kingston,2013-06-28,ODI # 3378,Angelo Mathews
44.0,55,29.0,4,1,151.72,3,0,1,v India,Kingston,2013-07-02,ODI # 3382,Angelo Mathews
30.0,29,27.0,2,2,111.11,6,1,1,v West Indies,Port of Spain,2013-07-07,ODI # 3385,Angelo Mathews
10.0,18,11.0,2,0,90.90,6,1,2,v India,Port of Spain,2013-07-09,ODI # 3387,Angelo Mathews
10.0,31,24.0,0,0,41.66,5,1,1,v India,Port of Spain,2013-07-11,ODI # 3388,Angelo Mathews
14.0,29,20.0,1,0,70.00,6,1,2,v South Africa,Pallekele,2013-07-26,ODI # 3398,Angelo Mathews
23.0,29,22.0,1,1,104.54,5,1,1,v South Africa,Colombo (RPS),2013-07-31,ODI # 3401,Angelo Mathews
74.0,107,64.0,9,1,115.62,5,0,1,v New Zealand,Hambantota,2013-11-10,ODI # 3432,Angelo Mathews
0.0,2,1.0,0,0,0.00,5,1,1,v New Zealand,Dambulla,2013-11-16,ODI # 3435,Angelo Mathews
31.0,57,32.0,2,1,96.87,6,1,2,v Pakistan,Sharjah,2013-12-18,ODI # 3445,Angelo Mathews
47.0,82,44.0,2,0,106.81,6,1,2,v Pakistan,Dubai (DSC),2013-12-20,ODI # 3446,Angelo Mathews
44.0,68,51.0,1,3,86.27,6,1,2,v Pakistan,Sharjah,2013-12-22,ODI # 3447,Angelo Mathews
38.0,64,46.0,2,1,82.60,6,1,1,v Pakistan,Abu Dhabi,2013-12-25,ODI # 3448,Angelo Mathews
8.0,43,31.0,0,0,25.80,6,1,2,v Pakistan,Abu Dhabi,2013-12-27,ODI # 3450,Angelo Mathews
3.0,16,15.0,0,0,20.00,6,1,1,v Bangladesh,Mirpur,2014-02-17,ODI # 3469,Angelo Mathews
56.0,58,39.0,6,1,143.58,6,0,1,v Bangladesh,Mirpur,2014-02-20,ODI # 3470,Angelo Mathews
20.0,36,26.0,0,1,76.92,5,0,2,v Bangladesh,Mirpur,2014-02-22,ODI # 3471,Angelo Mathews
55.0,62,50.0,5,1,110.00,5,0,1,v Pakistan,Fatullah,2014-02-25,ODI # 3473,Angelo Mathews
6.0,21,18.0,0,0,33.33,6,1,2,v India,Fatullah,2014-02-28,ODI # 3476,Angelo Mathews
45.0,70,41.0,4,0,109.75,6,0,1,v Afghanistan,Mirpur,2014-03-03,ODI # 3481,Angelo Mathews
74.0,153,103.0,7,1,71.84,6,0,2,v Bangladesh,Mirpur,2014-03-06,ODI # 3485,Angelo Mathews
16.0,23,13.0,2,0,123.07,6,0,2,v Pakistan,Mirpur,2014-03-08,ODI # 3486,Angelo Mathews
30.0,-,53.0,4,0,56.60,5,1,1,v Ireland,Dublin,2014-05-06,ODI # 3490,Angelo Mathews
18.0,34,21.0,2,0,85.71,5,1,2,v England,The Oval,2014-05-22,ODI # 3492,Angelo Mathews
30.0,66,35.0,2,0,85.71,5,1,1,v England,Chester-le-Street,2014-05-25,ODI # 3493,Angelo Mathews
11.0,19,12.0,2,0,91.66,6,1,1,v England,Manchester,2014-05-28,ODI # 3494,Angelo Mathews
30.0,50,30.0,4,0,100.00,5,1,1,v England,Lord's,2014-05-31,ODI # 3495,Angelo Mathews
42.0,49,34.0,6,0,123.52,6,0,2,v England,Birmingham,2014-06-03,ODI # 3496,Angelo Mathews
13.0,23,13.0,1,0,100.00,6,1,2,v South Africa,Colombo (RPS),2014-07-06,ODI # 3500,Angelo Mathews
34.0,70,38.0,1,1,89.47,6,1,1,v South Africa,Pallekele,2014-07-09,ODI # 3501,Angelo Mathews
58.0,127,81.0,5,1,71.60,6,1,2,v South Africa,Hambantota,2014-07-12,ODI # 3502,Angelo Mathews
89.0,113,85.0,9,2,104.70,6,1,1,v Pakistan,Hambantota,2014-08-23,ODI # 3512,Angelo Mathews
93.0,160,115.0,8,0,80.86,5,1,1,v Pakistan,Hambantota,2014-08-26,ODI # 3515,Angelo Mathews
0.0,3,1.0,0,0,0.00,5,0,2,v Pakistan,Dambulla,2014-08-30,ODI # 3519,Angelo Mathews
23.0,25,32.0,3,0,71.87,6,1,2,v India,Cuttack,2014-11-02,ODI # 3539,Angelo Mathews
92.0,-,101.0,10,1,91.08,5,0,1,v India,Ahmedabad,2014-11-06,ODI # 3540,Angelo Mathews
10.0,-,14.0,1,0,71.42,5,1,1,v India,Hyderabad,2014-11-09,ODI # 3543,Angelo Mathews
75.0,85,68.0,9,1,110.29,5,1,2,v India,Eden Gardens,2014-11-13,ODI # 3544,Angelo Mathews
139.0,141,116.0,6,10,119.82,5,0,1,v India,Ranchi,2014-11-16,ODI # 3547,Angelo Mathews
33.0,23,24.0,1,3,137.50,5,1,1,v England,Colombo (RPS),2014-11-26,ODI # 3554,Angelo Mathews
37.0,64,45.0,3,0,82.22,5,1,1,v England,Hambantota,2014-12-03,ODI # 3561,Angelo Mathews
51.0,103,60.0,5,0,85.00,5,0,2,v England,Colombo (RPS),2014-12-07,ODI # 3563,Angelo Mathews
40.0,79,76.0,4,0,52.63,5,1,1,v England,Pallekele,2014-12-10,ODI # 3565,Angelo Mathews
1.0,7,5.0,0,0,20.00,5,1,1,v England,Pallekele,2014-12-13,ODI # 3567,Angelo Mathews
20.0,29,27.0,1,0,74.07,4,1,1,v England,Colombo (RPS),2014-12-16,ODI # 3569,Angelo Mathews
15.0,29,33.0,2,0,45.45,5,1,1,v New Zealand,Christchurch,2015-01-11,ODI # 3574,Angelo Mathews
39.0,66,46.0,5,1,84.78,5,0,2,v New Zealand,Hamilton,2015-01-15,ODI # 3577,Angelo Mathews
0.0,2,1.0,0,0,0.00,5,1,1,v New Zealand,Nelson,2015-01-20,ODI # 3585,Angelo Mathews
46.0,80,52.0,5,0,88.46,6,1,2,v New Zealand,Christchurch,2015-02-14,ODI # 3599,Angelo Mathews
44.0,115,81.0,2,0,54.32,6,1,2,v Afghanistan,Dunedin,2015-02-22,ODI # 3609,Angelo Mathews
35.0,57,31.0,2,1,112.90,5,1,2,v Australia,Sydney,2015-03-08,ODI # 3629,Angelo Mathews
51.0,32,21.0,1,6,242.85,5,1,1,v Scotland,Hobart,2015-03-11,ODI # 3632,Angelo Mathews
19.0,37,32.0,1,0,59.37,6,1,1,v South Africa,Sydney,2015-03-18,ODI # 3640,Angelo Mathews
38.0,73,54.0,5,0,70.37,5,1,1,v Pakistan,Dambulla,2015-07-11,ODI # 3664,Angelo Mathews
8.0,23,11.0,0,0,72.72,4,1,2,v Pakistan,Pallekele,2015-07-15,ODI # 3669,Angelo Mathews
4.0,17,13.0,0,0,30.76,5,1,2,v Pakistan,Colombo (RPS),2015-07-19,ODI # 3670,Angelo Mathews
12.0,31,23.0,0,0,52.17,4,1,1,v Pakistan,Colombo (RPS),2015-07-22,ODI # 3671,Angelo Mathews
70.0,67,40.0,8,2,175.00,5,0,1,v Pakistan,Hambantota,2015-07-26,ODI # 3672,Angelo Mathews
13.0,-,17.0,1,0,76.47,4,1,2,v West Indies,Colombo (RPS),2015-11-01,ODI # 3701,Angelo Mathews
27.0,62,33.0,1,0,81.81,5,0,2,v West Indies,Pallekele,2015-11-07,ODI # 3704,Angelo Mathews
0.0,1,1.0,0,0,0.00,5,1,1,v New Zealand,Christchurch,2015-12-26,ODI # 3714,Angelo Mathews
17.0,39,22.0,2,0,77.27,5,1,1,v New Zealand,Christchurch,2015-12-28,ODI # 3715,Angelo Mathews
95.0,156,116.0,6,0,81.89,5,1,2,v New Zealand,Mount Maunganui,2016-01-05,ODI # 3721,Angelo Mathews
49.0,-,53.0,4,2,92.45,5,1,1,v Ireland,Dublin (Malahide),2016-06-16,ODI # 3748,Angelo Mathews
24.0,-,18.0,1,1,133.33,6,1,1,v Ireland,Dublin (Malahide),2016-06-18,ODI # 3749,Angelo Mathews
73.0,145,109.0,5,0,66.97,5,1,1,v England,Nottingham,2016-06-21,ODI # 3751,Angelo Mathews
44.0,54,54.0,3,0,81.48,5,1,1,v England,Birmingham,2016-06-24,ODI # 3753,Angelo Mathews
56.0,93,67.0,3,1,83.58,5,1,1,v England,Bristol,2016-06-26,ODI # 3755,Angelo Mathews
67.0,72,54.0,6,1,124.07,5,0,1,v England,The Oval,2016-06-29,ODI # 3757,Angelo Mathews
13.0,16,15.0,2,0,86.66,5,1,2,v England,Cardiff,2016-07-02,ODI # 3758,Angelo Mathews
0.0,5,4.0,0,0,0.00,5,1,1,v Australia,Colombo (RPS),2016-08-21,ODI # 3768,Angelo Mathews
57.0,100,60.0,1,2,95.00,5,1,1,v Australia,Colombo (RPS),2016-08-24,ODI # 3769,Angelo Mathews
2.0,12,4.0,0,0,50.00,5,1,1,v Australia,Dambulla,2016-08-28,ODI # 3772,Angelo Mathews
40.0,95,71.0,4,0,56.33,5,1,1,v Australia,Dambulla,2016-08-31,ODI # 3774,Angelo Mathews
52.0,76,45.0,6,0,115.55,5,0,2,v India,The Oval,2017-06-08,ODI # 3882,Angelo Mathews
39.0,70,54.0,2,1,72.22,5,1,1,v Pakistan,Cardiff,2017-06-12,ODI # 3888,Angelo Mathews
43.0,45,30.0,6,1,143.33,5,1,1,v Zimbabwe,Galle,2017-06-30,ODI # 3897,Angelo Mathews
28.0,50,35.0,4,0,80.00,5,0,2,v Zimbabwe,Galle,2017-07-02,ODI # 3899,Angelo Mathews
42.0,68,40.0,0,2,105.00,3,1,1,v Zimbabwe,Hambantota,2017-07-08,ODI # 3903,Angelo Mathews
24.0,55,47.0,4,0,51.06,5,1,1,v Zimbabwe,Hambantota,2017-07-10,ODI # 3904,Angelo Mathews
36.0,-,50.0,1,1,72.00,5,0,1,v India,Dambulla,2017-08-20,ODI # 3905,Angelo Mathews
20.0,-,41.0,2,0,48.78,5,1,1,v India,Pallekele,2017-08-24,ODI # 3906,Angelo Mathews
11.0,-,23.0,1,0,47.82,5,1,1,v India,Pallekele,2017-08-27,ODI # 3907,Angelo Mathews
70.0,-,80.0,10,0,87.50,5,1,2,v India,Colombo (RPS),2017-08-31,ODI # 3908,Angelo Mathews
55.0,-,98.0,4,0,56.12,5,1,1,v India,Colombo (RPS),2017-09-03,ODI # 3909,Angelo Mathews
25.0,68,42.0,5,0,59.52,4,0,2,v India,Dharamsala,2017-12-10,ODI # 3939,Angelo Mathews
111.0,184,132.0,9,3,84.09,4,0,2,v India,Mohali,2017-12-13,ODI # 3941,Angelo Mathews
17.0,52,28.0,2,0,60.71,4,1,1,v India,Visakhapatnam,2017-12-17,ODI # 3942,Angelo Mathews
42.0,-,64.0,1,1,65.62,4,1,2,v Zimbabwe,Mirpur,2018-01-17,ODI # 3955,Angelo Mathews
5.0,-,8.0,1,0,62.50,5,1,1,v South Africa,Dambulla,2018-07-29,ODI # 4025,Angelo Mathews
79.0,-,111.0,6,0,71.17,5,0,1,v South Africa,Dambulla,2018-08-01,ODI # 4027,Angelo Mathews
32.0,-,42.0,3,1,76.19,6,1,2,v South Africa,Pallekele,2018-08-05,ODI # 4029,Angelo Mathews
22.0,-,23.0,2,1,95.65,5,1,1,v South Africa,Pallekele,2018-08-08,ODI # 4030,Angelo Mathews
97.0,-,97.0,11,1,100.00,5,0,1,v South Africa,Colombo (RPS),2018-08-12,ODI # 4031,Angelo Mathews
16.0,-,34.0,0,0,47.05,5,1,2,v Bangladesh,Dubai (DSC),2018-09-15,ODI # 4036,Angelo Mathews
22.0,-,39.0,1,0,56.41,5,1,2,v Afghanistan,Abu Dhabi,2018-09-17,ODI # 4038,Angelo Mathews
1.0,-,10.0,0,0,10.00,5,1,1,v Scotland,Edinburgh,2019-05-21,ODI # 4142,Angelo Mathews
0.0,14,9.0,0,0,0.00,6,1,1,v New Zealand,Cardiff,2019-06-01,ODI # 4145,Angelo Mathews
0.0,5,2.0,0,0,0.00,5,1,1,v Afghanistan,Cardiff,2019-06-04,ODI # 4149,Angelo Mathews
9.0,14,11.0,2,0,81.81,5,1,2,v Australia,The Oval,2019-06-15,ODI # 4159,Angelo Mathews
85.0,146,115.0,5,1,73.91,5,0,1,v England,Leeds,2019-06-21,ODI # 4168,Angelo Mathews
11.0,48,29.0,1,0,37.93,5,1,1,v South Africa,Chester-le-Street,2019-06-28,ODI # 4176,Angelo Mathews
26.0,45,20.0,2,1,130.00,5,1,1,v West Indies,Chester-le-Street,2019-07-01,ODI # 4180,Angelo Mathews
113.0,157,128.0,10,2,88.28,5,1,1,v India,Leeds,2019-07-06,ODI # 4187,Angelo Mathews
48.0,-,52.0,3,0,92.30,5,1,1,v Bangladesh,Colombo (RPS),2019-07-26,ODI # 4193,Angelo Mathews
52.0,-,57.0,7,0,91.22,5,0,2,v Bangladesh,Colombo (RPS),2019-07-28,ODI # 4194,Angelo Mathews
87.0,-,90.0,8,1,96.66,5,1,1,v Bangladesh,Colombo (RPS),2019-07-31,ODI # 4195,Angelo Mathews
5.0,-,4.0,1,0,125.00,5,1,2,v West Indies,Colombo (SSC),2020-02-22,ODI # 4246,Angelo Mathews
1.0,-,2.0,0,0,50.00,6,1,1,v West Indies,Hambantota,2020-02-26,ODI # 4247,Angelo Mathews
12.0,-,17.0,1,0,70.58,5,1,1,v West Indies,Pallekele,2020-03-01,ODI # 4250,Angelo Mathews
5.0,11,7.0,0,0,71.42,4,1,1,v West Indies,North Sound,2021-03-10,ODI # 4276,Angelo Mathews
18.0,50,25.0,3,0,72.00,4,1,2,v New Zealand,Auckland,2023-03-25,ODI # 4548,Angelo Mathews
0.0,14,8.0,0,0,0.00,4,1,1,v New Zealand,Hamilton,2023-03-31,ODI # 4557,Angelo Mathews
12.0,32,21.0,0,0,57.14,4,1,1,v Afghanistan,Hambantota,2023-06-02,ODI # 4579,Angelo Mathews
14.0,24,16.0,1,1,87.50,4,0,2,v Australia,Adelaide,2013-01-13,ODI # 3319,Kusal Perera
22.0,50,28.0,4,0,78.57,4,0,2,v Australia,Brisbane,2013-01-18,ODI # 3321,Kusal Perera
14.0,43,30.0,1,0,46.66,6,1,2,v Australia,Hobart,2013-01-23,ODI # 3326,Kusal Perera
42.0,53,36.0,5,1,116.66,1,1,2,v Bangladesh,Hambantota,2013-03-23,ODI # 3349,Kusal Perera
18.0,22,21.0,3,0,85.71,1,0,1,v Bangladesh,Hambantota,2013-03-25,ODI # 3351,Kusal Perera
56.0,89,66.0,5,1,84.84,1,1,1,v Bangladesh,Pallekele,2013-03-28,ODI # 3352,Kusal Perera
0.0,1,1.0,0,0,0.00,1,1,1,v New Zealand,Cardiff,2013-06-09,ODI # 3366,Kusal Perera
6.0,10,11.0,1,0,54.54,1,1,2,v England,The Oval,2013-06-13,ODI # 3370,Kusal Perera
4.0,2,3.0,1,0,133.33,1,1,1,v Australia,The Oval,2013-06-17,ODI # 3374,Kusal Perera
4.0,10,8.0,1,0,50.00,1,1,1,v India,Cardiff,2013-06-20,ODI # 3376,Kusal Perera
2.0,1,4.0,0,0,50.00,6,1,1,v India,Port of Spain,2013-07-11,ODI # 3388,Kusal Perera
9.0,19,16.0,2,0,56.25,2,1,1,v South Africa,Colombo (RPS),2013-07-31,ODI # 3401,Kusal Perera
64.0,91,68.0,5,1,94.11,1,1,2,v Pakistan,Sharjah,2013-12-18,ODI # 3445,Kusal Perera
16.0,36,24.0,2,0,66.66,1,1,2,v Pakistan,Dubai (DSC),2013-12-20,ODI # 3446,Kusal Perera
7.0,15,13.0,0,0,53.84,1,1,2,v Pakistan,Sharjah,2013-12-22,ODI # 3447,Kusal Perera
8.0,8,8.0,1,0,100.00,1,1,1,v Pakistan,Abu Dhabi,2013-12-25,ODI # 3448,Kusal Perera
47.0,54,41.0,3,4,114.63,1,1,2,v Pakistan,Abu Dhabi,2013-12-27,ODI # 3450,Kusal Perera
20.0,28,18.0,2,1,111.11,1,1,1,v Bangladesh,Mirpur,2014-02-17,ODI # 3469,Kusal Perera
8.0,8,7.0,2,0,114.28,1,1,1,v Bangladesh,Mirpur,2014-02-20,ODI # 3470,Kusal Perera
106.0,142,124.0,6,5,85.48,1,1,2,v Bangladesh,Mirpur,2014-02-22,ODI # 3471,Kusal Perera
14.0,29,26.0,3,0,53.84,1,1,1,v Pakistan,Fatullah,2014-02-25,ODI # 3473,Kusal Perera
64.0,103,81.0,4,2,79.01,1,1,2,v India,Fatullah,2014-02-28,ODI # 3476,Kusal Perera
33.0,63,49.0,4,1,67.34,1,1,1,v Afghanistan,Mirpur,2014-03-03,ODI # 3481,Kusal Perera
0.0,2,2.0,0,0,0.00,1,1,2,v Bangladesh,Mirpur,2014-03-06,ODI # 3485,Kusal Perera
42.0,41,37.0,6,1,113.51,1,1,2,v Pakistan,Mirpur,2014-03-08,ODI # 3486,Kusal Perera
0.0,-,4.0,0,0,0.00,1,1,1,v Ireland,Dublin,2014-05-06,ODI # 3490,Kusal Perera
19.0,19,15.0,2,1,126.66,2,1,1,v England,Lord's,2014-05-31,ODI # 3495,Kusal Perera
19.0,48,29.0,2,0,65.51,2,1,2,v England,Birmingham,2014-06-03,ODI # 3496,Kusal Perera
34.0,38,33.0,6,0,103.03,1,1,2,v South Africa,Colombo (RPS),2014-07-06,ODI # 3500,Kusal Perera
7.0,17,9.0,1,0,77.77,1,1,1,v South Africa,Pallekele,2014-07-09,ODI # 3501,Kusal Perera
37.0,32,25.0,4,2,148.00,1,1,2,v South Africa,Hambantota,2014-07-12,ODI # 3502,Kusal Perera
0.0,-,6.0,0,0,0.00,1,1,1,v India,Ahmedabad,2014-11-06,ODI # 3540,Kusal Perera
4.0,-,6.0,1,0,66.66,1,1,1,v India,Hyderabad,2014-11-09,ODI # 3543,Kusal Perera
0.0,2,3.0,0,0,0.00,1,1,2,v India,Eden Gardens,2014-11-13,ODI # 3544,Kusal Perera
59.0,89,74.0,5,1,79.72,2,1,1,v England,Colombo (RPS),2014-11-26,ODI # 3554,Kusal Perera
9.0,17,10.0,1,0,90.00,2,1,2,v England,Colombo (RPS),2014-11-29,ODI # 3557,Kusal Perera
0.0,7,4.0,0,0,0.00,2,1,1,v England,Hambantota,2014-12-03,ODI # 3561,Kusal Perera
31.0,61,41.0,3,0,75.60,2,1,2,v England,Colombo (RPS),2014-12-07,ODI # 3563,Kusal Perera
0.0,2,2.0,0,0,0.00,2,1,1,v England,Pallekele,2014-12-10,ODI # 3565,Kusal Perera
24.0,17,13.0,2,2,184.61,6,1,1,v Scotland,Hobart,2015-03-11,ODI # 3632,Kusal Perera
3.0,6,10.0,0,0,30.00,1,1,1,v South Africa,Sydney,2015-03-18,ODI # 3640,Kusal Perera
26.0,41,35.0,4,0,74.28,1,1,1,v Pakistan,Dambulla,2015-07-11,ODI # 3664,Kusal Perera
68.0,40,25.0,13,2,272.00,1,1,2,v Pakistan,Pallekele,2015-07-15,ODI # 3669,Kusal Perera
20.0,38,18.0,3,0,111.11,1,1,2,v Pakistan,Colombo (RPS),2015-07-19,ODI # 3670,Kusal Perera
0.0,2,2.0,0,0,0.00,1,1,1,v Pakistan,Colombo (RPS),2015-07-22,ODI # 3671,Kusal Perera
116.0,157,109.0,9,4,106.42,1,1,1,v Pakistan,Hambantota,2015-07-26,ODI # 3672,Kusal Perera
14.0,-,16.0,2,0,87.50,1,1,2,v West Indies,Colombo (RPS),2015-11-01,ODI # 3701,Kusal Perera
99.0,137,92.0,6,4,107.60,1,1,2,v West Indies,Colombo (RPS),2015-11-04,ODI # 3702,Kusal Perera
50.0,88,47.0,2,2,106.38,1,1,2,v West Indies,Pallekele,2015-11-07,ODI # 3704,Kusal Perera
32.0,-,38.0,4,0,84.21,1,1,1,v Ireland,Dublin (Malahide),2016-06-16,ODI # 3748,Kusal Perera
135.0,-,128.0,16,2,105.46,1,1,1,v Ireland,Dublin (Malahide),2016-06-18,ODI # 3749,Kusal Perera
24.0,33,23.0,4,0,104.34,1,1,1,v England,Nottingham,2016-06-21,ODI # 3751,Kusal Perera
37.0,99,45.0,3,0,82.22,1,1,1,v England,Birmingham,2016-06-24,ODI # 3753,Kusal Perera
9.0,37,25.0,0,0,36.00,1,1,1,v England,Bristol,2016-06-26,ODI # 3755,Kusal Perera
1.0,7,1.0,0,0,100.00,1,1,1,v England,The Oval,2016-06-29,ODI # 3757,Kusal Perera
6.0,17,15.0,0,0,40.00,1,1,2,v England,Cardiff,2016-07-02,ODI # 3758,Kusal Perera
1.0,5,2.0,0,0,50.00,1,1,1,v Australia,Colombo (RPS),2016-08-21,ODI # 3768,Kusal Perera
54.0,65,53.0,5,1,101.88,7,1,1,v Australia,Colombo (RPS),2016-08-24,ODI # 3769,Kusal Perera
11.0,32,20.0,1,0,55.00,7,1,1,v Australia,Dambulla,2016-08-28,ODI # 3772,Kusal Perera
6.0,20,14.0,0,0,42.85,7,1,1,v Australia,Dambulla,2016-08-31,ODI # 3774,Kusal Perera
14.0,31,27.0,2,0,51.85,6,1,1,v Australia,Pallekele,2016-09-04,ODI # 3776,Kusal Perera
21.0,44,27.0,4,0,77.77,2,1,2,v Zimbabwe,Harare,2016-11-14,ODI # 3804,Kusal Perera
4.0,23,11.0,1,0,36.36,2,1,2,v West Indies,Harare,2016-11-16,ODI # 3805,Kusal Perera
7.0,15,7.0,1,0,100.00,2,1,1,v West Indies,Bulawayo,2016-11-23,ODI # 3808,Kusal Perera
14.0,32,13.0,2,0,107.69,2,1,2,v Zimbabwe,Bulawayo,2016-11-27,ODI # 3810,Kusal Perera
44.0,99,66.0,5,0,66.66,6,0,2,v South Africa,The Oval,2017-06-03,ODI # 3877,Kusal Perera
47.0,65,44.0,5,0,106.81,4,1,2,v India,The Oval,2017-06-08,ODI # 3882,Kusal Perera
80.0,-,83.0,8,2,96.38,1,1,2,v Zimbabwe,Mirpur,2018-01-17,ODI # 3955,Kusal Perera
1.0,-,3.0,0,0,33.33,1,1,2,v Bangladesh,Mirpur,2018-01-19,ODI # 3959,Kusal Perera
49.0,-,57.0,4,1,85.96,1,1,2,v Zimbabwe,Mirpur,2018-01-21,ODI # 3962,Kusal Perera
81.0,-,72.0,11,1,112.50,4,1,1,v South Africa,Dambulla,2018-07-29,ODI # 4025,Kusal Perera
12.0,-,24.0,1,0,50.00,4,1,1,v South Africa,Dambulla,2018-08-01,ODI # 4027,Kusal Perera
27.0,-,17.0,4,0,158.82,3,1,2,v South Africa,Pallekele,2018-08-05,ODI # 4029,Kusal Perera
51.0,-,32.0,6,2,159.37,4,1,1,v South Africa,Pallekele,2018-08-08,ODI # 4030,Kusal Perera
8.0,-,7.0,1,0,114.28,3,1,1,v South Africa,Colombo (RPS),2018-08-12,ODI # 4031,Kusal Perera
11.0,-,24.0,2,0,45.83,3,1,2,v Bangladesh,Dubai (DSC),2018-09-15,ODI # 4036,Kusal Perera
17.0,-,17.0,2,0,100.00,4,1,2,v Afghanistan,Abu Dhabi,2018-09-17,ODI # 4038,Kusal Perera
30.0,50,37.0,4,0,81.08,4,1,2,v England,Dambulla,2018-10-13,ODI # 4053,Kusal Perera
102.0,-,86.0,13,1,118.60,3,1,2,v New Zealand,Mount Maunganui,2019-01-03,ODI # 4074,Kusal Perera
4.0,-,23.0,0,0,17.39,3,1,2,v New Zealand,Mount Maunganui,2019-01-05,ODI # 4075,Kusal Perera
43.0,-,49.0,5,1,87.75,3,1,2,v New Zealand,Nelson,2019-01-08,ODI # 4076,Kusal Perera
33.0,66,36.0,4,0,91.66,3,1,1,v South Africa,Johannesburg,2019-03-03,ODI # 4104,Kusal Perera
8.0,35,23.0,0,0,34.78,3,1,2,v South Africa,Centurion,2019-03-06,ODI # 4107,Kusal Perera
29.0,34,24.0,4,0,120.83,3,1,1,v New Zealand,Cardiff,2019-06-01,ODI # 4145,Kusal Perera
78.0,150,81.0,8,0,96.29,2,1,1,v Afghanistan,Cardiff,2019-06-04,ODI # 4149,Kusal Perera
52.0,64,36.0,5,1,144.44,2,1,2,v Australia,The Oval,2019-06-15,ODI # 4159,Kusal Perera
2.0,12,6.0,0,0,33.33,2,1,1,v England,Leeds,2019-06-21,ODI # 4168,Kusal Perera
30.0,58,34.0,4,0,88.23,2,1,1,v South Africa,Chester-le-Street,2019-06-28,ODI # 4176,Kusal Perera
64.0,87,51.0,8,0,125.49,2,1,1,v West Indies,Chester-le-Street,2019-07-01,ODI # 4180,Kusal Perera
18.0,36,14.0,3,0,128.57,2,1,1,v India,Leeds,2019-07-06,ODI # 4187,Kusal Perera
111.0,-,99.0,17,1,112.12,3,1,1,v Bangladesh,Colombo (RPS),2019-07-26,ODI # 4193,Kusal Perera
30.0,-,34.0,3,0,88.23,3,1,2,v Bangladesh,Colombo (RPS),2019-07-28,ODI # 4194,Kusal Perera
42.0,-,51.0,5,0,82.35,3,1,1,v Bangladesh,Colombo (RPS),2019-07-31,ODI # 4195,Kusal Perera
42.0,-,50.0,4,0,84.00,3,1,2,v West Indies,Colombo (SSC),2020-02-22,ODI # 4246,Kusal Perera
0.0,-,1.0,0,0,0.00,3,1,1,v West Indies,Hambantota,2020-02-26,ODI # 4247,Kusal Perera
44.0,-,55.0,4,0,80.00,3,1,1,v West Indies,Pallekele,2020-03-01,ODI # 4250,Kusal Perera
30.0,92,50.0,1,0,60.00,2,1,2,v Bangladesh,Mirpur,2021-05-23,ODI # 4290,Kusal Perera
14.0,27,15.0,2,0,93.33,2,1,2,v Bangladesh,Mirpur,2021-05-25,ODI # 4291,Kusal Perera
120.0,163,122.0,11,1,98.36,2,1,1,v Bangladesh,Mirpur,2021-05-28,ODI # 4292,Kusal Perera
73.0,150,81.0,7,0,90.12,2,1,1,v England,Chester-le-Street,2021-06-29,ODI # 4296,Kusal Perera
0.0,8,2.0,0,0,0.00,2,1,1,v England,The Oval,2021-07-01,ODI # 4297,Kusal Perera
9.0,12,7.0,1,0,128.57,2,1,1,v England,Bristol,2021-07-04,ODI # 4298,Kusal Perera
2.0,16,10.0,0,0,20.00,11,0,1,v South Africa,Gqeberha,2017-01-28,ODI # 3828,Lakshan Sandakan
0.0,7,4.0,0,0,0.00,11,1,2,v South Africa,Durban,2017-02-01,ODI # 3830,Lakshan Sandakan
0.0,6,5.0,0,0,0.00,11,0,1,v South Africa,Johannesburg,2017-02-04,ODI # 3831,Lakshan Sandakan
1.0,5,2.0,0,0,50.00,11,1,2,v South Africa,Cape Town,2017-02-07,ODI # 3833,Lakshan Sandakan
3.0,-,7.0,0,0,42.85,10,1,2,v Bangladesh,Dambulla,2017-03-25,ODI # 3855,Lakshan Sandakan
5.0,-,8.0,0,0,62.50,9,1,1,v India,Dambulla,2017-08-20,ODI # 3905,Lakshan Sandakan
5.0,-,13.0,0,0,38.46,10,0,1,v South Africa,Dambulla,2018-07-29,ODI # 4025,Lakshan Sandakan
6.0,-,7.0,1,0,85.71,10,1,2,v New Zealand,Mount Maunganui,2019-01-03,ODI # 4074,Lakshan Sandakan
6.0,-,20.0,0,0,30.00,10,1,2,v New Zealand,Mount Maunganui,2019-01-05,ODI # 4075,Lakshan Sandakan
0.0,-,1.0,0,0,0.00,10,0,2,v New Zealand,Nelson,2019-01-08,ODI # 4076,Lakshan Sandakan
3.0,15,10.0,0,0,30.00,10,1,1,v South Africa,Johannesburg,2019-03-03,ODI # 4104,Lakshan Sandakan
0.0,-,1.0,0,0,0.00,9,1,1,v Pakistan,Karachi,2019-10-02,ODI # 4212,Lakshan Sandakan
3.0,-,9.0,0,0,33.33,10,1,2,v West Indies,Colombo (SSC),2020-02-22,ODI # 4246,Lakshan Sandakan
0.0,-,1.0,0,0,0.00,10,1,1,v West Indies,Pallekele,2020-03-01,ODI # 4250,Lakshan Sandakan
16.0,26,20.0,2,0,80.00,10,0,1,v West Indies,North Sound,2021-03-10,ODI # 4276,Lakshan Sandakan
2.0,5,2.0,0,0,100.00,9,0,1,v West Indies,North Sound,2021-03-12,ODI # 4277,Lakshan Sandakan
8.0,30,12.0,1,0,66.66,10,0,2,v Bangladesh,Mirpur,2021-05-23,ODI # 4290,Lakshan Sandakan
4.0,7,7.0,0,0,57.14,10,1,2,v Bangladesh,Mirpur,2021-05-25,ODI # 4291,Lakshan Sandakan
0.0,5,1.0,0,0,0.00,10,1,1,v India,Colombo (RPS),2021-07-20,ODI # 4309,Lakshan Sandakan
7.0,24,20.0,0,0,35.00,9,1,1,v Zimbabwe,Hambantota,2017-07-10,ODI # 3904,Akila Dananjaya
9.0,-,11.0,1,0,81.81,8,1,1,v India,Pallekele,2017-08-24,ODI # 3906,Akila Dananjaya
2.0,-,6.0,0,0,33.33,8,1,1,v India,Pallekele,2017-08-27,ODI # 3907,Akila Dananjaya
11.0,-,19.0,1,0,57.89,8,0,2,v India,Colombo (RPS),2017-08-31,ODI # 3908,Akila Dananjaya
4.0,-,9.0,0,0,44.44,8,1,1,v India,Colombo (RPS),2017-09-03,ODI # 3909,Akila Dananjaya
50.0,-,72.0,5,0,69.44,8,0,2,v Pakistan,Dubai (DSC),2017-10-13,ODI # 3922,Akila Dananjaya
1.0,-,2.0,0,0,50.00,8,1,2,v Pakistan,Abu Dhabi,2017-10-16,ODI # 3924,Akila Dananjaya
1.0,-,2.0,0,0,50.00,9,1,1,v Pakistan,Abu Dhabi,2017-10-18,ODI # 3926,Akila Dananjaya
18.0,-,37.0,1,0,48.64,9,1,1,v Pakistan,Sharjah,2017-10-20,ODI # 3927,Akila Dananjaya
11.0,29,17.0,2,0,64.70,9,1,2,v India,Mohali,2017-12-13,ODI # 3941,Akila Dananjaya
1.0,6,4.0,0,0,25.00,9,1,1,v India,Visakhapatnam,2017-12-17,ODI # 3942,Akila Dananjaya
8.0,-,19.0,0,0,42.10,9,1,2,v Zimbabwe,Mirpur,2018-01-17,ODI # 3955,Akila Dananjaya
14.0,-,17.0,3,0,82.35,9,1,2,v Bangladesh,Mirpur,2018-01-19,ODI # 3959,Akila Dananjaya
17.0,-,16.0,1,1,106.25,8,1,1,v Bangladesh,Mirpur,2018-01-27,ODI # 3967,Akila Dananjaya
11.0,-,30.0,0,0,36.66,8,1,1,v South Africa,Dambulla,2018-07-29,ODI # 4025,Akila Dananjaya
9.0,-,12.0,1,0,75.00,8,1,1,v South Africa,Dambulla,2018-08-01,ODI # 4027,Akila Dananjaya
37.0,-,42.0,4,0,88.09,8,1,2,v South Africa,Pallekele,2018-08-05,ODI # 4029,Akila Dananjaya
1.0,-,2.0,0,0,50.00,9,0,1,v South Africa,Pallekele,2018-08-08,ODI # 4030,Akila Dananjaya
5.0,-,2.0,1,0,250.00,9,1,1,v South Africa,Colombo (RPS),2018-08-12,ODI # 4031,Akila Dananjaya
2.0,-,10.0,0,0,20.00,9,1,2,v Afghanistan,Abu Dhabi,2018-09-17,ODI # 4038,Akila Dananjaya
7.0,-,4.0,1,0,175.00,8,1,1,v England,Pallekele,2018-10-17,ODI # 4054,Akila Dananjaya
32.0,-,26.0,2,1,123.07,8,0,1,v England,Pallekele,2018-10-20,ODI # 4055,Akila Dananjaya
18.0,-,11.0,1,1,163.63,8,0,1,v England,Colombo (RPS),2018-10-23,ODI # 4058,Akila Dananjaya
0.0,3,0.0,0,0,-,8,1,1,v South Africa,Johannesburg,2019-03-03,ODI # 4104,Akila Dananjaya
4.0,23,16.0,0,0,25.00,8,1,2,v South Africa,Centurion,2019-03-06,ODI # 4107,Akila Dananjaya
3.0,6,4.0,0,0,75.00,10,1,1,v South Africa,Cape Town,2019-03-16,ODI # 4115,Akila Dananjaya
0.0,-,1.0,0,0,0.00,9,1,1,v Bangladesh,Colombo (RPS),2019-07-31,ODI # 4195,Akila Dananjaya
5.0,5,2.0,1,0,250.00,9,0,2,v India,Colombo (RPS),2021-07-23,ODI # 4312,Akila Dananjaya
0.0,2,0.0,0,0,-,10,1,1,v South Africa,Colombo (RPS),2021-09-02,ODI # 4314,Akila Dananjaya
3.0,8,4.0,0,0,75.00,10,1,2,v South Africa,Colombo (RPS),2021-09-04,ODI # 4315,Akila Dananjaya
15.0,74,52.0,2,0,28.84,10,1,1,v Australia,Colombo (RPS),2022-06-24,ODI # 4418,Pramod Madushan
0.0,4,2.0,0,0,0.0,2,1,1,v Australia,Dambulla,2016-08-31,ODI # 3774,Avishka Fernando
10.0,23,9.0,1,1,111.11,2,1,2,v South Africa,Centurion,2019-03-06,ODI # 4107,Avishka Fernando
23.0,32,26.0,4,0,88.46,1,1,2,v South Africa,Durban,2019-03-10,ODI # 4112,Avishka Fernando
29.0,50,27.0,5,0,107.4,1,1,1,v South Africa,Gqeberha,2019-03-13,ODI # 4114,Avishka Fernando
9.0,16,15.0,2,0,60.0,1,1,1,v South Africa,Cape Town,2019-03-16,ODI # 4115,Avishka Fernando
74.0,-,78.0,5,3,94.87,1,1,1,v Scotland,Edinburgh,2019-05-21,ODI # 4142,Avishka Fernando
49.0,50,39.0,6,2,125.64,3,1,1,v England,Leeds,2019-06-21,ODI # 4168,Avishka Fernando
30.0,46,29.0,4,0,103.44,3,1,1,v South Africa,Chester-le-Street,2019-06-28,ODI # 4176,Avishka Fernando
104.0,151,103.0,9,2,100.97,3,1,1,v West Indies,Chester-le-Street,2019-07-01,ODI # 4180,Avishka Fernando
20.0,42,21.0,4,0,95.23,3,1,1,v India,Leeds,2019-07-06,ODI # 4187,Avishka Fernando
7.0,-,13.0,0,0,53.84,1,1,1,v Bangladesh,Colombo (RPS),2019-07-26,ODI # 4193,Avishka Fernando
82.0,-,75.0,9,2,109.33,1,1,2,v Bangladesh,Colombo (RPS),2019-07-28,ODI # 4194,Avishka Fernando
6.0,-,14.0,0,0,42.85,1,1,1,v Bangladesh,Colombo (RPS),2019-07-31,ODI # 4195,Avishka Fernando
0.0,-,7.0,0,0,0.0,3,1,2,v Pakistan,Karachi,2019-09-30,ODI # 4211,Avishka Fernando
4.0,-,6.0,1,0,66.66,2,1,1,v Pakistan,Karachi,2019-10-02,ODI # 4212,Avishka Fernando
50.0,-,55.0,5,1,90.9,1,1,2,v West Indies,Colombo (SSC),2020-02-22,ODI # 4246,Avishka Fernando
127.0,-,123.0,10,0,103.25,1,1,1,v West Indies,Hambantota,2020-02-26,ODI # 4247,Avishka Fernando
29.0,-,34.0,5,0,85.29,1,1,1,v West Indies,Pallekele,2020-03-01,ODI # 4250,Avishka Fernando
2.0,4,2.0,0,0,100.0,3,1,1,v England,The Oval,2021-07-01,ODI # 4297,Avishka Fernando
14.0,25,14.0,2,0,100.0,1,1,1,v England,Bristol,2021-07-04,ODI # 4298,Avishka Fernando
33.0,49,35.0,2,1,94.28,1,1,1,v India,Colombo (RPS),2021-07-18,ODI # 4307,Avishka Fernando
50.0,112,71.0,4,1,70.42,1,1,1,v India,Colombo (RPS),2021-07-20,ODI # 4309,Avishka Fernando
76.0,172,98.0,4,1,77.55,1,1,2,v India,Colombo (RPS),2021-07-23,ODI # 4312,Avishka Fernando
118.0,189,115.0,10,2,102.6,1,1,1,v South Africa,Colombo (RPS),2021-09-02,ODI # 4314,Avishka Fernando
8.0,21,15.0,1,0,53.33,1,1,2,v South Africa,Colombo (RPS),2021-09-04,ODI # 4315,Avishka Fernando
10.0,17,18.0,2,0,55.55,1,1,1,v South Africa,Colombo (RPS),2021-09-07,ODI # 4318,Avishka Fernando
5.0,17,12.0,1,0,41.66,2,1,2,v India,Guwahati,2023-01-10,ODI # 4501,Avishka Fernando
20.0,27,17.0,4,0,117.64,1,1,1,v India,Eden Gardens,2023-01-12,ODI # 4503,Avishka Fernando
1.0,8,4.0,0,0,25.0,1,1,2,v India,Thiruvananthapuram,2023-01-15,ODI # 4505,Avishka Fernando
51.0,-,59.0,8,0,86.44,3,1,1,v Ireland,Dublin (Malahide),2016-06-16,ODI # 3748,Kusal Mendis
8.0,-,7.0,1,0,114.28,8,1,1,v Ireland,Dublin (Malahide),2016-06-18,ODI # 3749,Kusal Mendis
17.0,25,14.0,2,1,121.42,3,1,1,v England,Nottingham,2016-06-21,ODI # 3751,Kusal Mendis
0.0,12,9.0,0,0,0.00,3,1,1,v England,Birmingham,2016-06-24,ODI # 3753,Kusal Mendis
53.0,83,66.0,5,1,80.30,3,1,1,v England,Bristol,2016-06-26,ODI # 3755,Kusal Mendis
77.0,76,64.0,13,0,120.31,3,1,1,v England,The Oval,2016-06-29,ODI # 3757,Kusal Mendis
22.0,40,34.0,2,0,64.70,3,1,2,v England,Cardiff,2016-07-02,ODI # 3758,Kusal Mendis
67.0,124,95.0,6,0,70.52,3,1,1,v Australia,Colombo (RPS),2016-08-21,ODI # 3768,Kusal Mendis
69.0,104,69.0,9,0,100.00,3,1,1,v Australia,Colombo (RPS),2016-08-24,ODI # 3769,Kusal Mendis
4.0,12,2.0,1,0,200.00,3,1,1,v Australia,Dambulla,2016-08-28,ODI # 3772,Kusal Mendis
1.0,23,8.0,0,0,12.50,3,1,1,v Australia,Dambulla,2016-08-31,ODI # 3774,Kusal Mendis
33.0,44,36.0,5,1,91.66,3,1,1,v Australia,Pallekele,2016-09-04,ODI # 3776,Kusal Mendis
12.0,8,8.0,1,1,150.00,4,0,2,v Zimbabwe,Harare,2016-11-14,ODI # 3804,Kusal Mendis
4.0,6,6.0,1,0,66.66,4,1,2,v West Indies,Harare,2016-11-16,ODI # 3805,Kusal Mendis
94.0,93,73.0,7,5,128.76,4,1,1,v West Indies,Bulawayo,2016-11-23,ODI # 3808,Kusal Mendis
57.0,87,72.0,10,0,79.16,4,1,2,v Zimbabwe,Bulawayo,2016-11-27,ODI # 3810,Kusal Mendis
62.0,120,94.0,10,0,65.95,3,1,1,v South Africa,Gqeberha,2017-01-28,ODI # 3828,Kusal Mendis
20.0,29,22.0,3,0,90.90,3,1,2,v South Africa,Durban,2017-02-01,ODI # 3830,Kusal Mendis
4.0,13,7.0,0,0,57.14,3,1,1,v South Africa,Johannesburg,2017-02-04,ODI # 3831,Kusal Mendis
29.0,45,34.0,3,0,85.29,3,1,2,v South Africa,Cape Town,2017-02-07,ODI # 3833,Kusal Mendis
1.0,11,7.0,0,0,14.28,3,1,2,v South Africa,Centurion,2017-02-10,ODI # 3834,Kusal Mendis
4.0,-,17.0,0,0,23.52,3,1,2,v Bangladesh,Dambulla,2017-03-25,ODI # 3855,Kusal Mendis
102.0,164,107.0,9,1,95.32,3,1,1,v Bangladesh,Dambulla,2017-03-28,ODI # 3856,Kusal Mendis
54.0,-,76.0,4,0,71.05,3,1,1,v Bangladesh,Colombo (SSC),2017-04-01,ODI # 3858,Kusal Mendis
11.0,20,10.0,2,0,110.00,3,1,2,v South Africa,The Oval,2017-06-03,ODI # 3877,Kusal Mendis
89.0,113,93.0,11,1,95.69,3,1,2,v India,The Oval,2017-06-08,ODI # 3882,Kusal Mendis
27.0,47,29.0,4,0,93.10,3,1,1,v Pakistan,Cardiff,2017-06-12,ODI # 3888,Kusal Mendis
86.0,112,80.0,8,1,107.50,3,1,1,v Zimbabwe,Galle,2017-06-30,ODI # 3897,Kusal Mendis
0.0,1,1.0,0,0,0.00,3,1,2,v Zimbabwe,Galle,2017-07-02,ODI # 3899,Kusal Mendis
28.0,54,25.0,2,0,112.00,3,0,2,v Zimbabwe,Hambantota,2017-07-06,ODI # 3901,Kusal Mendis
0.0,3,1.0,0,0,0.00,6,1,1,v Zimbabwe,Hambantota,2017-07-08,ODI # 3903,Kusal Mendis
1.0,14,8.0,0,0,12.50,3,1,1,v Zimbabwe,Hambantota,2017-07-10,ODI # 3904,Kusal Mendis
36.0,-,37.0,5,0,97.29,3,1,1,v India,Dambulla,2017-08-20,ODI # 3905,Kusal Mendis
19.0,-,48.0,2,0,39.58,3,1,1,v India,Pallekele,2017-08-24,ODI # 3906,Kusal Mendis
1.0,-,10.0,0,0,10.00,3,1,1,v India,Pallekele,2017-08-27,ODI # 3907,Kusal Mendis
1.0,-,7.0,0,0,14.28,3,1,2,v India,Colombo (RPS),2017-08-31,ODI # 3908,Kusal Mendis
2.0,-,8.0,0,0,25.00,5,1,2,v Pakistan,Dubai (DSC),2017-10-13,ODI # 3922,Kusal Mendis
10.0,-,24.0,1,0,41.66,3,1,2,v Pakistan,Abu Dhabi,2017-10-16,ODI # 3924,Kusal Mendis
0.0,-,4.0,0,0,0.00,3,1,2,v Zimbabwe,Mirpur,2018-01-17,ODI # 3955,Kusal Mendis
19.0,-,34.0,1,0,55.88,3,1,2,v Bangladesh,Mirpur,2018-01-19,ODI # 3959,Kusal Mendis
36.0,-,44.0,4,0,81.81,3,1,2,v Zimbabwe,Mirpur,2018-01-21,ODI # 3962,Kusal Mendis
28.0,-,9.0,2,3,311.11,3,1,1,v Bangladesh,Mirpur,2018-01-27,ODI # 3967,Kusal Mendis
3.0,-,6.0,0,0,50.00,3,1,1,v South Africa,Dambulla,2018-07-29,ODI # 4025,Kusal Mendis
0.0,-,1.0,0,0,0.00,3,1,1,v South Africa,Dambulla,2018-08-01,ODI # 4027,Kusal Mendis
31.0,-,34.0,4,0,91.17,4,1,2,v South Africa,Pallekele,2018-08-05,ODI # 4029,Kusal Mendis
14.0,-,13.0,0,1,107.69,3,1,1,v South Africa,Pallekele,2018-08-08,ODI # 4030,Kusal Mendis
38.0,-,43.0,5,0,88.37,4,1,1,v South Africa,Colombo (RPS),2018-08-12,ODI # 4031,Kusal Mendis
0.0,-,1.0,0,0,0.00,2,1,2,v Bangladesh,Dubai (DSC),2018-09-15,ODI # 4036,Kusal Mendis
0.0,-,2.0,0,0,0.00,1,1,2,v Afghanistan,Abu Dhabi,2018-09-17,ODI # 4038,Kusal Mendis
0.0,-,1.0,0,0,0.00,3,1,1,v England,Pallekele,2018-10-17,ODI # 4054,Kusal Mendis
5.0,-,14.0,0,0,35.71,4,1,1,v England,Pallekele,2018-10-20,ODI # 4055,Kusal Mendis
56.0,-,33.0,1,6,169.69,4,1,1,v England,Colombo (RPS),2018-10-23,ODI # 4058,Kusal Mendis
18.0,-,20.0,2,0,90.00,4,1,2,v New Zealand,Mount Maunganui,2019-01-03,ODI # 4074,Kusal Mendis
20.0,-,30.0,2,0,66.66,4,1,2,v New Zealand,Mount Maunganui,2019-01-05,ODI # 4075,Kusal Mendis
0.0,-,0.0,0,0,-,4,1,2,v New Zealand,Nelson,2019-01-08,ODI # 4076,Kusal Mendis
60.0,95,73.0,5,1,82.19,5,1,1,v South Africa,Johannesburg,2019-03-03,ODI # 4104,Kusal Mendis
24.0,41,31.0,2,0,77.41,5,1,2,v South Africa,Centurion,2019-03-06,ODI # 4107,Kusal Mendis
41.0,49,31.0,4,2,132.25,4,1,2,v South Africa,Durban,2019-03-10,ODI # 4112,Kusal Mendis
21.0,68,42.0,1,0,50.00,4,1,1,v South Africa,Gqeberha,2019-03-13,ODI # 4114,Kusal Mendis
56.0,129,84.0,3,0,66.66,4,1,1,v South Africa,Cape Town,2019-03-16,ODI # 4115,Kusal Mendis
66.0,-,56.0,4,3,117.85,3,1,1,v Scotland,Edinburgh,2019-05-21,ODI # 4142,Kusal Mendis
0.0,3,1.0,0,0,0.00,4,1,1,v New Zealand,Cardiff,2019-06-01,ODI # 4145,Kusal Mendis
2.0,4,2.0,0,0,100.00,4,1,1,v Afghanistan,Cardiff,2019-06-04,ODI # 4149,Kusal Mendis
30.0,68,37.0,0,2,81.08,4,1,2,v Australia,The Oval,2019-06-15,ODI # 4159,Kusal Mendis
46.0,110,68.0,2,0,67.64,4,1,1,v England,Leeds,2019-06-21,ODI # 4168,Kusal Mendis
23.0,75,51.0,2,0,45.09,4,1,1,v South Africa,Chester-le-Street,2019-06-28,ODI # 4176,Kusal Mendis
39.0,53,41.0,4,0,95.12,4,1,1,v West Indies,Chester-le-Street,2019-07-01,ODI # 4180,Kusal Mendis
3.0,15,13.0,0,0,23.07,4,1,1,v India,Leeds,2019-07-06,ODI # 4187,Kusal Mendis
43.0,-,49.0,4,0,87.75,4,1,1,v Bangladesh,Colombo (RPS),2019-07-26,ODI # 4193,Kusal Mendis
41.0,-,74.0,4,0,55.40,4,0,2,v Bangladesh,Colombo (RPS),2019-07-28,ODI # 4194,Kusal Mendis
54.0,-,58.0,5,1,93.10,4,1,1,v Bangladesh,Colombo (RPS),2019-07-31,ODI # 4195,Kusal Mendis
20.0,-,25.0,2,1,80.00,4,1,2,v West Indies,Colombo (SSC),2020-02-22,ODI # 4246,Kusal Mendis
119.0,-,119.0,12,0,100.00,4,1,1,v West Indies,Hambantota,2020-02-26,ODI # 4247,Kusal Mendis
55.0,-,48.0,6,1,114.58,4,1,1,v West Indies,Pallekele,2020-03-01,ODI # 4250,Kusal Mendis
24.0,43,36.0,2,0,66.66,4,1,2,v Bangladesh,Mirpur,2021-05-23,ODI # 4290,Kusal Mendis
15.0,31,22.0,0,1,68.18,4,1,2,v Bangladesh,Mirpur,2021-05-25,ODI # 4291,Kusal Mendis
22.0,56,36.0,0,1,61.11,4,1,1,v Bangladesh,Mirpur,2021-05-28,ODI # 4292,Kusal Mendis
26.0,29,24.0,6,0,108.33,2,1,2,v Zimbabwe,Pallekele,2022-01-16,ODI # 4341,Kusal Mendis
7.0,21,9.0,1,0,77.77,2,1,2,v Zimbabwe,Pallekele,2022-01-18,ODI # 4343,Kusal Mendis
36.0,69,51.0,4,0,70.58,2,1,1,v Zimbabwe,Pallekele,2022-01-21,ODI # 4347,Kusal Mendis
86.0,139,87.0,8,1,98.85,3,0,1,v Australia,Pallekele,2022-06-14,ODI # 4409,Kusal Mendis
36.0,75,41.0,2,1,87.80,3,1,1,v Australia,Pallekele,2022-06-16,ODI # 4412,Kusal Mendis
87.0,128,85.0,8,0,102.35,3,1,2,v Australia,Colombo (RPS),2022-06-19,ODI # 4415,Kusal Mendis
14.0,22,21.0,1,1,66.66,3,1,1,v Australia,Colombo (RPS),2022-06-21,ODI # 4416,Kusal Mendis
26.0,61,40.0,3,0,65.00,3,1,1,v Australia,Colombo (RPS),2022-06-24,ODI # 4418,Kusal Mendis
1.0,18,5.0,0,0,20.00,2,1,2,v Afghanistan,Pallekele,2022-11-25,ODI # 4485,Kusal Mendis
2.0,15,8.0,0,0,25.00,2,0,2,v Afghanistan,Pallekele,2022-11-27,ODI # 4488,Kusal Mendis
67.0,68,61.0,8,1,109.83,2,1,2,v Afghanistan,Pallekele,2022-11-30,ODI # 4490,Kusal Mendis
0.0,9,4.0,0,0,0.00,3,1,2,v India,Guwahati,2023-01-10,ODI # 4501,Kusal Mendis
34.0,59,34.0,3,1,100.00,3,1,1,v India,Eden Gardens,2023-01-12,ODI # 4503,Kusal Mendis
4.0,11,7.0,1,0,57.14,3,1,2,v India,Thiruvananthapuram,2023-01-15,ODI # 4505,Kusal Mendis
0.0,22,16.0,0,0,0.00,3,1,2,v New Zealand,Auckland,2023-03-25,ODI # 4548,Kusal Mendis
0.0,8,6.0,0,0,0.00,3,1,1,v New Zealand,Hamilton,2023-03-31,ODI # 4557,Kusal Mendis
11.0,28,17.0,2,0,64.70,3,1,1,v Afghanistan,Hambantota,2023-06-02,ODI # 4579,Kusal Mendis
78.0,117,75.0,7,1,104.00,3,1,1,v Afghanistan,Hambantota,2023-06-04,ODI # 4580,Kusal Mendis
11.0,20,17.0,1,0,64.70,3,0,2,v Afghanistan,Hambantota,2023-06-07,ODI # 4583,Kusal Mendis
78.0,-,63.0,10,0,123.80,3,1,1,v U.A.E.,Bulawayo,2023-06-19,ODI # 4587,Kusal Mendis
0.0,2,1.0,0,0,0.00,3,1,1,v Ireland,Bulawayo,2023-06-25,ODI # 4599,Kusal Mendis
1.0,17,16.0,0,0,6.25,3,1,1,v Scotland,Bulawayo,2023-06-27,ODI # 4603,Kusal Mendis
10.0,20,14.0,1,0,71.42,3,1,1,v Netherlands,Bulawayo,2023-06-30,ODI # 4606,Kusal Mendis
25.0,45,42.0,2,0,59.52,3,0,2,v Zimbabwe,Bulawayo,2023-07-02,ODI # 4609,Kusal Mendis
34.0,37,43.0,3,0,79.06,3,0,2,v West Indies,Harare,2023-07-07,ODI # 4618,Kusal Mendis
43.0,58,52.0,5,1,82.69,3,1,1,v Netherlands,Harare,2023-07-09,ODI # 4620,Kusal Mendis
4.0,6,7.0,1,0,57.14,1,1,2,v England,Manchester,2011-07-09,ODI # 3170,Dimuth Karunaratne
60.0,110,82.0,3,0,73.17,2,1,1,v Scotland,Edinburgh,2011-07-13,ODI # 3172,Dimuth Karunaratne
0.0,1,1.0,0,0,0.00,1,1,1,v New Zealand,Hambantota,2013-11-10,ODI # 3432,Dimuth Karunaratne
4.0,9,8.0,0,0,50.00,1,1,1,v New Zealand,Hambantota,2013-11-12,ODI # 3434,Dimuth Karunaratne
16.0,35,12.0,1,0,133.33,9,0,2,v Pakistan,Dubai (DSC),2013-12-20,ODI # 3446,Dimuth Karunaratne
0.0,2,4.0,0,0,0.00,3,1,2,v Pakistan,Sharjah,2013-12-22,ODI # 3447,Dimuth Karunaratne
5.0,17,8.0,0,0,62.50,1,1,1,v New Zealand,Christchurch,2015-01-11,ODI # 3574,Dimuth Karunaratne
21.0,48,38.0,3,0,55.26,1,1,2,v New Zealand,Hamilton,2015-01-15,ODI # 3577,Dimuth Karunaratne
5.0,19,16.0,0,0,31.25,1,1,1,v New Zealand,Nelson,2015-01-20,ODI # 3585,Dimuth Karunaratne
12.0,16,13.0,1,0,92.30,9,1,2,v New Zealand,Dunedin,2015-01-23,ODI # 3588,Dimuth Karunaratne
26.0,33,34.0,2,0,76.47,5,1,2,v New Zealand,Dunedin,2015-01-25,ODI # 3590,Dimuth Karunaratne
14.0,32,21.0,0,0,66.66,5,1,2,v New Zealand,Christchurch,2015-02-14,ODI # 3599,Dimuth Karunaratne
23.0,47,32.0,3,0,71.87,4,1,2,v Afghanistan,Dunedin,2015-02-22,ODI # 3609,Dimuth Karunaratne
77.0,-,88.0,7,0,87.50,2,1,1,v Scotland,Edinburgh,2019-05-21,ODI # 4142,Dimuth Karunaratne
52.0,146,84.0,4,0,61.90,2,0,1,v New Zealand,Cardiff,2019-06-01,ODI # 4145,Dimuth Karunaratne
30.0,57,45.0,3,0,66.66,1,1,1,v Afghanistan,Cardiff,2019-06-04,ODI # 4149,Dimuth Karunaratne
97.0,132,108.0,9,0,89.81,1,1,2,v Australia,The Oval,2019-06-15,ODI # 4159,Dimuth Karunaratne
1.0,9,8.0,0,0,12.50,1,1,1,v England,Leeds,2019-06-21,ODI # 4168,Dimuth Karunaratne
0.0,3,1.0,0,0,0.00,1,1,1,v South Africa,Chester-le-Street,2019-06-28,ODI # 4176,Dimuth Karunaratne
32.0,69,48.0,4,0,66.66,1,1,1,v West Indies,Chester-le-Street,2019-07-01,ODI # 4180,Dimuth Karunaratne
10.0,16,17.0,2,0,58.82,1,1,1,v India,Leeds,2019-07-06,ODI # 4187,Dimuth Karunaratne
36.0,-,37.0,4,0,97.29,2,1,1,v Bangladesh,Colombo (RPS),2019-07-26,ODI # 4193,Dimuth Karunaratne
15.0,-,29.0,1,0,51.72,2,1,2,v Bangladesh,Colombo (RPS),2019-07-28,ODI # 4194,Dimuth Karunaratne
46.0,-,60.0,6,0,76.66,2,1,1,v Bangladesh,Colombo (RPS),2019-07-31,ODI # 4195,Dimuth Karunaratne
52.0,-,57.0,7,0,91.22,2,1,2,v West Indies,Colombo (SSC),2020-02-22,ODI # 4246,Dimuth Karunaratne
1.0,-,8.0,0,0,12.50,2,1,1,v West Indies,Hambantota,2020-02-26,ODI # 4247,Dimuth Karunaratne
44.0,-,54.0,5,0,81.48,2,1,1,v West Indies,Pallekele,2020-03-01,ODI # 4250,Dimuth Karunaratne
52.0,89,61.0,4,0,85.24,2,1,1,v West Indies,North Sound,2021-03-10,ODI # 4276,Dimuth Karunaratne
1.0,12,3.0,0,0,33.33,2,1,1,v West Indies,North Sound,2021-03-12,ODI # 4277,Dimuth Karunaratne
31.0,69,46.0,1,1,67.39,2,1,1,v West Indies,North Sound,2021-03-14,ODI # 4278,Dimuth Karunaratne
4.0,13,6.0,1,0,66.66,2,1,1,v Afghanistan,Hambantota,2023-06-02,ODI # 4579,Dimuth Karunaratne
52.0,99,62.0,7,0,83.87,2,1,1,v Afghanistan,Hambantota,2023-06-04,ODI # 4580,Dimuth Karunaratne
56.0,66,45.0,7,0,124.44,2,0,2,v Afghanistan,Hambantota,2023-06-07,ODI # 4583,Dimuth Karunaratne
52.0,-,54.0,7,0,96.29,2,1,1,v U.A.E.,Bulawayo,2023-06-19,ODI # 4587,Dimuth Karunaratne
61.0,58,51.0,8,0,119.60,2,0,2,v Oman,Bulawayo,2023-06-23,ODI # 4595,Dimuth Karunaratne
103.0,172,103.0,8,0,100.00,2,1,1,v Ireland,Bulawayo,2023-06-25,ODI # 4599,Dimuth Karunaratne
7.0,19,9.0,1,0,77.77,2,1,1,v Scotland,Bulawayo,2023-06-27,ODI # 4603,Dimuth Karunaratne
33.0,87,51.0,2,0,64.70,2,1,1,v Netherlands,Bulawayo,2023-06-30,ODI # 4606,Dimuth Karunaratne
30.0,88,56.0,2,0,53.57,2,1,2,v Zimbabwe,Bulawayo,2023-07-02,ODI # 4609,Dimuth Karunaratne
83.0,137,92.0,7,0,90.21,2,1,2,v West Indies,Harare,2023-07-07,ODI # 4618,Dimuth Karunaratne
8.0,29,16.0,1,0,50.0,3,1,1,v West Indies,North Sound,2021-03-10,ODI # 4276,Pathum Nissanka
10.0,21,13.0,1,0,76.92,3,1,1,v West Indies,North Sound,2021-03-12,ODI # 4277,Pathum Nissanka
24.0,38,25.0,3,0,96.0,3,1,1,v West Indies,North Sound,2021-03-14,ODI # 4278,Pathum Nissanka
8.0,13,13.0,1,0,61.53,3,1,2,v Bangladesh,Mirpur,2021-05-23,ODI # 4290,Pathum Nissanka
20.0,60,36.0,2,0,55.55,3,1,2,v Bangladesh,Mirpur,2021-05-25,ODI # 4291,Pathum Nissanka
0.0,5,4.0,0,0,0.0,3,1,1,v Bangladesh,Mirpur,2021-05-28,ODI # 4292,Pathum Nissanka
5.0,20,19.0,0,0,26.31,1,1,1,v England,Chester-le-Street,2021-06-29,ODI # 4296,Pathum Nissanka
5.0,20,12.0,1,0,41.66,1,1,1,v England,The Oval,2021-07-01,ODI # 4297,Pathum Nissanka
6.0,24,17.0,1,0,35.29,3,1,1,v England,Bristol,2021-07-04,ODI # 4298,Pathum Nissanka
75.0,105,71.0,10,0,105.63,1,1,2,v Zimbabwe,Pallekele,2022-01-16,ODI # 4341,Pathum Nissanka
16.0,27,24.0,3,0,66.66,1,1,2,v Zimbabwe,Pallekele,2022-01-18,ODI # 4343,Pathum Nissanka
55.0,90,66.0,6,0,83.33,1,1,1,v Zimbabwe,Pallekele,2022-01-21,ODI # 4347,Pathum Nissanka
56.0,100,68.0,6,1,82.35,2,1,1,v Australia,Pallekele,2022-06-14,ODI # 4409,Pathum Nissanka
14.0,24,17.0,3,0,82.35,2,1,1,v Australia,Pallekele,2022-06-16,ODI # 4412,Pathum Nissanka
137.0,203,147.0,11,2,93.19,2,1,2,v Australia,Colombo (RPS),2022-06-19,ODI # 4415,Pathum Nissanka
13.0,42,25.0,2,0,52.0,2,1,1,v Australia,Colombo (RPS),2022-06-21,ODI # 4416,Pathum Nissanka
2.0,10,4.0,0,0,50.0,2,1,1,v Australia,Colombo (RPS),2022-06-24,ODI # 4418,Pathum Nissanka
85.0,135,83.0,10,0,102.4,1,1,2,v Afghanistan,Pallekele,2022-11-25,ODI # 4485,Pathum Nissanka
3.0,15,8.0,0,0,37.5,1,0,2,v Afghanistan,Pallekele,2022-11-27,ODI # 4488,Pathum Nissanka
35.0,77,55.0,3,0,63.63,1,1,2,v Afghanistan,Pallekele,2022-11-30,ODI # 4490,Pathum Nissanka
72.0,125,80.0,11,0,90.0,1,1,2,v India,Guwahati,2023-01-10,ODI # 4501,Pathum Nissanka
9.0,15,10.0,2,0,90.0,1,1,2,v New Zealand,Auckland,2023-03-25,ODI # 4548,Pathum Nissanka
57.0,109,64.0,8,1,89.06,1,1,1,v New Zealand,Hamilton,2023-03-31,ODI # 4557,Pathum Nissanka
38.0,101,59.0,5,0,64.4,1,1,1,v Afghanistan,Hambantota,2023-06-02,ODI # 4579,Pathum Nissanka
43.0,73,56.0,6,0,76.78,1,1,1,v Afghanistan,Hambantota,2023-06-04,ODI # 4580,Pathum Nissanka
51.0,44,34.0,8,2,150.0,1,1,2,v Afghanistan,Hambantota,2023-06-07,ODI # 4583,Pathum Nissanka
57.0,-,76.0,5,0,75.0,1,1,1,v U.A.E.,Bulawayo,2023-06-19,ODI # 4587,Pathum Nissanka
37.0,58,39.0,5,0,94.87,1,0,2,v Oman,Bulawayo,2023-06-23,ODI # 4595,Pathum Nissanka
20.0,42,26.0,4,0,76.92,1,1,1,v Ireland,Bulawayo,2023-06-25,ODI # 4599,Pathum Nissanka
75.0,121,85.0,10,0,88.23,1,1,1,v Scotland,Bulawayo,2023-06-27,ODI # 4603,Pathum Nissanka
0.0,1,1.0,0,0,0.0,1,1,1,v Netherlands,Bulawayo,2023-06-30,ODI # 4606,Pathum Nissanka
101.0,135,102.0,14,0,99.01,1,0,2,v Zimbabwe,Bulawayo,2023-07-02,ODI # 4609,Pathum Nissanka
104.0,124,113.0,14,0,92.03,1,1,2,v West Indies,Harare,2023-07-07,ODI # 4618,Pathum Nissanka
23.0,48,33.0,3,0,69.69,1,1,1,v Netherlands,Harare,2023-07-09,ODI # 4620,Pathum Nissanka
0.0,6,6.0,0,0,0.00,3,1,1,v England,Chester-le-Street,2021-06-29,ODI # 4296,Charith Asalanka
3.0,15,11.0,0,0,27.27,5,1,1,v England,The Oval,2021-07-01,ODI # 4297,Charith Asalanka
38.0,77,65.0,1,0,58.46,5,1,1,v India,Colombo (RPS),2021-07-18,ODI # 4307,Charith Asalanka
65.0,102,68.0,6,0,95.58,5,1,1,v India,Colombo (RPS),2021-07-20,ODI # 4309,Charith Asalanka
24.0,37,28.0,3,0,85.71,5,1,2,v India,Colombo (RPS),2021-07-23,ODI # 4312,Charith Asalanka
72.0,93,62.0,6,1,116.12,5,1,1,v South Africa,Colombo (RPS),2021-09-02,ODI # 4314,Charith Asalanka
77.0,108,69.0,5,3,111.59,5,1,2,v South Africa,Colombo (RPS),2021-09-04,ODI # 4315,Charith Asalanka
47.0,114,71.0,2,0,66.19,5,1,1,v South Africa,Colombo (RPS),2021-09-07,ODI # 4318,Charith Asalanka
71.0,113,68.0,6,2,104.41,5,1,2,v Zimbabwe,Pallekele,2022-01-16,ODI # 4341,Charith Asalanka
23.0,30,21.0,2,1,109.52,5,1,2,v Zimbabwe,Pallekele,2022-01-18,ODI # 4343,Charith Asalanka
52.0,79,56.0,5,0,92.85,5,1,1,v Zimbabwe,Pallekele,2022-01-21,ODI # 4347,Charith Asalanka
37.0,64,42.0,4,0,88.09,5,1,1,v Australia,Pallekele,2022-06-14,ODI # 4409,Charith Asalanka
13.0,37,27.0,1,0,48.14,5,1,1,v Australia,Pallekele,2022-06-16,ODI # 4412,Charith Asalanka
13.0,26,12.0,0,1,108.33,5,0,2,v Australia,Colombo (RPS),2022-06-19,ODI # 4415,Charith Asalanka
110.0,182,106.0,10,1,103.77,5,1,1,v Australia,Colombo (RPS),2022-06-21,ODI # 4416,Charith Asalanka
14.0,30,27.0,1,0,51.85,5,1,1,v Australia,Colombo (RPS),2022-06-24,ODI # 4418,Charith Asalanka
10.0,21,18.0,0,0,55.55,5,1,2,v Afghanistan,Pallekele,2022-11-25,ODI # 4485,Charith Asalanka
83.0,137,72.0,5,4,115.27,5,0,2,v Afghanistan,Pallekele,2022-11-30,ODI # 4490,Charith Asalanka
23.0,39,28.0,3,0,82.14,4,1,2,v India,Guwahati,2023-01-10,ODI # 4501,Charith Asalanka
15.0,27,21.0,1,0,71.42,5,1,1,v India,Eden Gardens,2023-01-12,ODI # 4503,Charith Asalanka
1.0,11,4.0,0,0,25.00,4,1,2,v India,Thiruvananthapuram,2023-01-15,ODI # 4505,Charith Asalanka
9.0,10,12.0,2,0,75.00,5,1,2,v New Zealand,Auckland,2023-03-25,ODI # 4548,Charith Asalanka
9.0,31,21.0,2,0,42.85,5,1,1,v New Zealand,Hamilton,2023-03-31,ODI # 4557,Charith Asalanka
91.0,156,95.0,12,0,95.78,5,1,1,v Afghanistan,Hambantota,2023-06-02,ODI # 4579,Charith Asalanka
6.0,9,12.0,0,0,50.00,5,1,1,v Afghanistan,Hambantota,2023-06-04,ODI # 4580,Charith Asalanka
48.0,-,23.0,5,2,208.69,5,0,1,v U.A.E.,Bulawayo,2023-06-19,ODI # 4587,Charith Asalanka
38.0,45,30.0,1,2,126.66,5,1,1,v Ireland,Bulawayo,2023-06-25,ODI # 4599,Charith Asalanka
63.0,79,65.0,4,2,96.92,5,1,1,v Scotland,Bulawayo,2023-06-27,ODI # 4603,Charith Asalanka
2.0,12,8.0,0,0,25.00,5,1,1,v Netherlands,Bulawayo,2023-06-30,ODI # 4606,Charith Asalanka
36.0,51,36.0,4,0,100.00,5,1,1,v Netherlands,Harare,2023-07-09,ODI # 4620,Charith Asalanka
3.0,-,3.0,0,0,100.00,9,0,1,v Ireland,Dublin (Malahide),2016-06-16,ODI # 3748,Dhananjaya de Silva
2.0,15,6.0,0,0,33.33,6,1,1,v Australia,Colombo (RPS),2016-08-21,ODI # 3768,Dhananjaya de Silva
7.0,15,10.0,1,0,70.00,6,1,1,v Australia,Colombo (RPS),2016-08-24,ODI # 3769,Dhananjaya de Silva
12.0,39,30.0,1,0,40.00,6,1,1,v Australia,Dambulla,2016-08-28,ODI # 3772,Dhananjaya de Silva
76.0,135,87.0,9,0,87.35,1,1,1,v Australia,Dambulla,2016-08-31,ODI # 3774,Dhananjaya de Silva
34.0,59,47.0,4,0,72.34,1,1,1,v Australia,Pallekele,2016-09-04,ODI # 3776,Dhananjaya de Silva
78.0,103,75.0,12,0,104.00,1,0,2,v Zimbabwe,Harare,2016-11-14,ODI # 3804,Dhananjaya de Silva
3.0,16,10.0,0,0,30.00,1,1,2,v West Indies,Harare,2016-11-16,ODI # 3805,Dhananjaya de Silva
58.0,83,60.0,7,0,96.66,1,1,1,v West Indies,Bulawayo,2016-11-23,ODI # 3808,Dhananjaya de Silva
0.0,1,1.0,0,0,0.00,1,1,2,v Zimbabwe,Bulawayo,2016-11-27,ODI # 3810,Dhananjaya de Silva
28.0,77,53.0,1,0,52.83,6,1,1,v South Africa,Gqeberha,2017-01-28,ODI # 3828,Dhananjaya de Silva
1.0,5,5.0,0,0,20.00,5,1,2,v South Africa,Durban,2017-02-01,ODI # 3830,Dhananjaya de Silva
16.0,24,25.0,2,0,64.00,5,1,1,v South Africa,Johannesburg,2017-02-04,ODI # 3831,Dhananjaya de Silva
5.0,18,14.0,0,0,35.71,5,1,2,v South Africa,Cape Town,2017-02-07,ODI # 3833,Dhananjaya de Silva
11.0,30,19.0,1,0,57.89,5,1,2,v South Africa,Centurion,2017-02-10,ODI # 3834,Dhananjaya de Silva
1.0,6,6.0,0,0,16.66,6,1,1,v Pakistan,Cardiff,2017-06-12,ODI # 3888,Dhananjaya de Silva
84.0,-,66.0,8,3,127.27,7,1,2,v South Africa,Pallekele,2018-08-05,ODI # 4029,Dhananjaya de Silva
10.0,-,10.0,2,0,100.00,6,1,1,v South Africa,Pallekele,2018-08-08,ODI # 4030,Dhananjaya de Silva
30.0,-,41.0,1,1,73.17,6,1,1,v South Africa,Colombo (RPS),2018-08-12,ODI # 4031,Dhananjaya de Silva
0.0,-,3.0,0,0,0.00,4,1,2,v Bangladesh,Dubai (DSC),2018-09-15,ODI # 4036,Dhananjaya de Silva
23.0,-,38.0,2,1,60.52,3,1,2,v Afghanistan,Abu Dhabi,2018-09-17,ODI # 4038,Dhananjaya de Silva
36.0,66,50.0,2,1,72.00,6,0,2,v England,Dambulla,2018-10-13,ODI # 4053,Dhananjaya de Silva
3.0,-,10.0,0,0,30.00,6,1,1,v England,Pallekele,2018-10-17,ODI # 4054,Dhananjaya de Silva
17.0,-,28.0,2,0,60.71,5,1,1,v England,Pallekele,2018-10-20,ODI # 4055,Dhananjaya de Silva
19.0,-,15.0,1,1,126.66,7,0,1,v England,Colombo (RPS),2018-10-23,ODI # 4058,Dhananjaya de Silva
36.0,-,29.0,5,1,124.13,2,1,2,v New Zealand,Nelson,2019-01-08,ODI # 4076,Dhananjaya de Silva
39.0,73,52.0,3,0,75.00,6,1,1,v South Africa,Johannesburg,2019-03-03,ODI # 4104,Dhananjaya de Silva
15.0,27,26.0,2,0,57.69,6,1,2,v South Africa,Centurion,2019-03-06,ODI # 4107,Dhananjaya de Silva
22.0,61,46.0,2,0,47.82,7,1,1,v South Africa,Gqeberha,2019-03-13,ODI # 4114,Dhananjaya de Silva
12.0,14,12.0,2,0,100.00,8,1,1,v South Africa,Cape Town,2019-03-16,ODI # 4115,Dhananjaya de Silva
7.0,-,10.0,0,0,70.00,7,1,1,v Scotland,Edinburgh,2019-05-21,ODI # 4142,Dhananjaya de Silva
4.0,15,13.0,1,0,30.76,5,1,1,v New Zealand,Cardiff,2019-06-01,ODI # 4145,Dhananjaya de Silva
0.0,7,4.0,0,0,0.00,6,1,1,v Afghanistan,Cardiff,2019-06-04,ODI # 4149,Dhananjaya de Silva
16.0,43,30.0,2,0,53.33,8,0,2,v Australia,The Oval,2019-06-15,ODI # 4159,Dhananjaya de Silva
29.0,48,47.0,1,0,61.70,7,1,1,v England,Leeds,2019-06-21,ODI # 4168,Dhananjaya de Silva
24.0,54,41.0,2,0,58.53,6,1,1,v South Africa,Chester-le-Street,2019-06-28,ODI # 4176,Dhananjaya de Silva
6.0,5,3.0,1,0,200.00,8,0,1,v West Indies,Chester-le-Street,2019-07-01,ODI # 4180,Dhananjaya de Silva
29.0,60,36.0,1,0,80.55,7,0,1,v India,Leeds,2019-07-06,ODI # 4187,Dhananjaya de Silva
18.0,-,12.0,3,0,150.00,8,1,1,v Bangladesh,Colombo (RPS),2019-07-26,ODI # 4193,Dhananjaya de Silva
18.0,-,29.0,2,0,62.06,6,1,2,v West Indies,Colombo (SSC),2020-02-22,ODI # 4246,Dhananjaya de Silva
12.0,-,5.0,2,0,240.00,7,1,1,v West Indies,Hambantota,2020-02-26,ODI # 4247,Dhananjaya de Silva
51.0,-,47.0,5,0,108.51,6,1,1,v West Indies,Pallekele,2020-03-01,ODI # 4250,Dhananjaya de Silva
9.0,17,15.0,1,0,60.00,5,1,2,v Bangladesh,Mirpur,2021-05-23,ODI # 4290,Dhananjaya de Silva
10.0,25,21.0,0,0,47.61,5,1,2,v Bangladesh,Mirpur,2021-05-25,ODI # 4291,Dhananjaya de Silva
55.0,113,70.0,4,0,78.57,5,0,1,v Bangladesh,Mirpur,2021-05-28,ODI # 4292,Dhananjaya de Silva
91.0,150,91.0,13,0,100.00,4,1,1,v England,The Oval,2021-07-01,ODI # 4297,Dhananjaya de Silva
4.0,20,12.0,1,0,33.33,4,1,1,v England,Bristol,2021-07-04,ODI # 4298,Dhananjaya de Silva
14.0,32,27.0,1,0,51.85,4,1,1,v India,Colombo (RPS),2021-07-18,ODI # 4307,Dhananjaya de Silva
32.0,52,45.0,1,0,71.11,4,1,1,v India,Colombo (RPS),2021-07-20,ODI # 4309,Dhananjaya de Silva
2.0,10,9.0,0,0,22.22,4,1,2,v India,Colombo (RPS),2021-07-23,ODI # 4312,Dhananjaya de Silva
44.0,74,62.0,5,0,70.96,4,1,1,v South Africa,Colombo (RPS),2021-09-02,ODI # 4314,Dhananjaya de Silva
12.0,46,24.0,0,0,50.00,4,1,2,v South Africa,Colombo (RPS),2021-09-04,ODI # 4315,Dhananjaya de Silva
31.0,56,44.0,2,0,70.45,4,1,1,v South Africa,Colombo (RPS),2021-09-07,ODI # 4318,Dhananjaya de Silva
7.0,19,17.0,0,0,41.17,4,1,1,v Australia,Pallekele,2022-06-14,ODI # 4409,Dhananjaya de Silva
34.0,45,41.0,2,1,82.92,4,1,1,v Australia,Pallekele,2022-06-16,ODI # 4412,Dhananjaya de Silva
25.0,25,17.0,4,0,147.05,4,1,2,v Australia,Colombo (RPS),2022-06-19,ODI # 4415,Dhananjaya de Silva
60.0,90,61.0,7,0,98.36,4,1,1,v Australia,Colombo (RPS),2022-06-21,ODI # 4416,Dhananjaya de Silva
16.0,20,16.0,3,0,100.00,4,1,2,v Afghanistan,Pallekele,2022-11-25,ODI # 4485,Dhananjaya de Silva
5.0,7,11.0,1,0,45.45,4,1,2,v Afghanistan,Pallekele,2022-11-30,ODI # 4490,Dhananjaya de Silva
47.0,40,40.0,9,0,117.50,5,1,2,v India,Guwahati,2023-01-10,ODI # 4501,Dhananjaya de Silva
0.0,4,1.0,0,0,0.00,4,1,1,v India,Eden Gardens,2023-01-12,ODI # 4503,Dhananjaya de Silva
13.0,19,21.0,2,0,61.90,6,1,1,v New Zealand,Hamilton,2023-03-31,ODI # 4557,Dhananjaya de Silva
51.0,71,59.0,5,0,86.44,6,1,1,v Afghanistan,Hambantota,2023-06-02,ODI # 4579,Dhananjaya de Silva
29.0,55,24.0,1,1,120.83,6,0,1,v Afghanistan,Hambantota,2023-06-04,ODI # 4580,Dhananjaya de Silva
5.0,-,5.0,0,0,100.00,7,1,1,v U.A.E.,Bulawayo,2023-06-19,ODI # 4587,Dhananjaya de Silva
42.0,65,35.0,4,1,120.00,6,0,1,v Ireland,Bulawayo,2023-06-25,ODI # 4599,Dhananjaya de Silva
23.0,38,31.0,2,0,74.19,6,1,1,v Scotland,Bulawayo,2023-06-27,ODI # 4603,Dhananjaya de Silva
93.0,159,111.0,8,2,83.78,6,1,1,v Netherlands,Bulawayo,2023-06-30,ODI # 4606,Dhananjaya de Silva
4.0,16,8.0,0,0,50.00,6,1,1,v Netherlands,Harare,2023-07-09,ODI # 4620,Dhananjaya de Silva
0.0,-,2.0,0,0,0.00,5,1,1,v Pakistan,Sharjah,2017-10-20,ODI # 3927,Sadeera Samarawickrama
0.0,-,3.0,0,0,0.00,2,1,1,v Pakistan,Sharjah,2017-10-23,ODI # 3930,Sadeera Samarawickrama
42.0,77,57.0,5,0,73.68,3,1,1,v India,Visakhapatnam,2017-12-17,ODI # 3942,Sadeera Samarawickrama
35.0,-,34.0,4,0,102.94,2,1,1,v England,Pallekele,2018-10-17,ODI # 4054,Sadeera Samarawickrama
1.0,-,7.0,0,0,14.28,2,1,1,v England,Pallekele,2018-10-20,ODI # 4055,Sadeera Samarawickrama
54.0,-,48.0,8,0,112.50,2,1,1,v England,Colombo (RPS),2018-10-23,ODI # 4058,Sadeera Samarawickrama
6.0,-,14.0,1,0,42.85,2,1,2,v Pakistan,Karachi,2019-09-30,ODI # 4211,Sadeera Samarawickrama
44.0,57,46.0,5,0,95.65,4,1,1,v Afghanistan,Hambantota,2023-06-04,ODI # 4580,Sadeera Samarawickrama
73.0,-,64.0,9,0,114.06,4,1,1,v U.A.E.,Bulawayo,2023-06-19,ODI # 4587,Sadeera Samarawickrama
82.0,115,86.0,4,0,95.34,4,1,1,v Ireland,Bulawayo,2023-06-25,ODI # 4599,Sadeera Samarawickrama
26.0,48,35.0,4,0,74.28,4,1,1,v Scotland,Bulawayo,2023-06-27,ODI # 4603,Sadeera Samarawickrama
1.0,4,3.0,0,0,33.33,4,1,1,v Netherlands,Bulawayo,2023-06-30,ODI # 4606,Sadeera Samarawickrama
17.0,26,18.0,1,0,94.44,4,0,2,v West Indies,Harare,2023-07-07,ODI # 4618,Sadeera Samarawickrama
19.0,39,23.0,4,0,82.60,2,1,1,v Netherlands,Harare,2023-07-09,ODI # 4620,Sadeera Samarawickrama
19.0,21,17.0,2,0,111.76,7,0,1,v Zimbabwe,Hambantota,2017-07-08,ODI # 3903,Wanindu Hasaranga
0.0,5,5.0,0,0,0.00,7,1,1,v Zimbabwe,Hambantota,2017-07-10,ODI # 3904,Wanindu Hasaranga
2.0,-,5.0,0,0,40.00,7,1,1,v India,Dambulla,2017-08-20,ODI # 3905,Wanindu Hasaranga
22.0,-,22.0,2,1,100.00,7,1,2,v India,Colombo (RPS),2017-08-31,ODI # 3908,Wanindu Hasaranga
9.0,-,9.0,1,0,100.00,7,1,1,v India,Colombo (RPS),2017-09-03,ODI # 3909,Wanindu Hasaranga
11.0,-,12.0,0,1,91.66,8,1,2,v Zimbabwe,Mirpur,2018-01-17,ODI # 3955,Wanindu Hasaranga
0.0,-,1.0,0,0,0.00,8,1,2,v Bangladesh,Mirpur,2018-01-19,ODI # 3959,Wanindu Hasaranga
12.0,-,5.0,2,0,240.00,8,0,1,v Bangladesh,Colombo (RPS),2019-07-31,ODI # 4195,Wanindu Hasaranga
30.0,-,23.0,1,2,130.43,8,1,2,v Pakistan,Karachi,2019-09-30,ODI # 4211,Wanindu Hasaranga
10.0,-,12.0,0,0,83.33,8,1,1,v Pakistan,Karachi,2019-10-02,ODI # 4212,Wanindu Hasaranga
42.0,-,39.0,4,1,107.69,8,0,2,v West Indies,Colombo (SSC),2020-02-22,ODI # 4246,Wanindu Hasaranga
17.0,-,10.0,3,0,170.00,8,1,1,v West Indies,Hambantota,2020-02-26,ODI # 4247,Wanindu Hasaranga
16.0,-,9.0,1,1,177.77,8,1,1,v West Indies,Pallekele,2020-03-01,ODI # 4250,Wanindu Hasaranga
3.0,8,5.0,0,0,60.00,8,1,1,v West Indies,North Sound,2021-03-10,ODI # 4276,Wanindu Hasaranga
47.0,35,31.0,2,4,151.61,8,1,1,v West Indies,North Sound,2021-03-12,ODI # 4277,Wanindu Hasaranga
80.0,79,60.0,7,3,133.33,8,0,1,v West Indies,North Sound,2021-03-14,ODI # 4278,Wanindu Hasaranga
74.0,77,60.0,3,5,123.33,8,1,2,v Bangladesh,Mirpur,2021-05-23,ODI # 4290,Wanindu Hasaranga
6.0,17,14.0,0,0,42.85,8,1,2,v Bangladesh,Mirpur,2021-05-25,ODI # 4291,Wanindu Hasaranga
18.0,30,21.0,1,0,85.71,7,1,1,v Bangladesh,Mirpur,2021-05-28,ODI # 4292,Wanindu Hasaranga
54.0,91,65.0,6,1,83.07,5,1,1,v England,Chester-le-Street,2021-06-29,ODI # 4296,Wanindu Hasaranga
26.0,67,49.0,2,0,53.06,6,1,1,v England,The Oval,2021-07-01,ODI # 4297,Wanindu Hasaranga
20.0,54,33.0,1,0,60.60,6,1,1,v England,Bristol,2021-07-04,ODI # 4298,Wanindu Hasaranga
8.0,13,7.0,1,0,114.28,7,1,1,v India,Colombo (RPS),2021-07-18,ODI # 4307,Wanindu Hasaranga
8.0,17,11.0,1,0,72.72,7,1,1,v India,Colombo (RPS),2021-07-20,ODI # 4309,Wanindu Hasaranga
3.0,12,6.0,0,0,50.00,7,1,1,v South Africa,Colombo (RPS),2021-09-02,ODI # 4314,Wanindu Hasaranga
3.0,9,4.0,0,0,75.00,7,1,2,v South Africa,Colombo (RPS),2021-09-04,ODI # 4315,Wanindu Hasaranga
6.0,10,10.0,0,0,60.00,7,1,1,v South Africa,Colombo (RPS),2021-09-07,ODI # 4318,Wanindu Hasaranga
37.0,24,19.0,6,0,194.73,8,1,1,v Australia,Pallekele,2022-06-14,ODI # 4409,Wanindu Hasaranga
21.0,35,20.0,3,0,105.00,9,0,1,v Australia,Colombo (RPS),2022-06-21,ODI # 4416,Wanindu Hasaranga
66.0,71,46.0,10,2,143.47,7,1,2,v Afghanistan,Pallekele,2022-11-25,ODI # 4485,Wanindu Hasaranga
2.0,8,3.0,0,0,66.66,7,1,2,v Afghanistan,Pallekele,2022-11-30,ODI # 4490,Wanindu Hasaranga
16.0,8,7.0,1,2,228.57,7,1,2,v India,Guwahati,2023-01-10,ODI # 4501,Wanindu Hasaranga
21.0,20,17.0,3,1,123.52,7,1,1,v India,Eden Gardens,2023-01-12,ODI # 4503,Wanindu Hasaranga
1.0,12,7.0,0,0,14.28,6,1,2,v India,Thiruvananthapuram,2023-01-15,ODI # 4505,Wanindu Hasaranga
2.0,5,4.0,0,0,50.00,8,1,2,v New Zealand,Auckland,2023-03-25,ODI # 4548,Wanindu Hasaranga
0.0,8,4.0,0,0,0.00,9,1,1,v New Zealand,Hamilton,2023-03-31,ODI # 4557,Wanindu Hasaranga
29.0,15,12.0,4,1,241.66,8,0,1,v Afghanistan,Hambantota,2023-06-04,ODI # 4580,Wanindu Hasaranga
23.0,-,12.0,3,0,191.66,8,0,1,v U.A.E.,Bulawayo,2023-06-19,ODI # 4587,Wanindu Hasaranga
4.0,5,5.0,0,0,80.00,8,1,1,v Ireland,Bulawayo,2023-06-25,ODI # 4599,Wanindu Hasaranga
15.0,15,12.0,2,0,125.00,8,1,1,v Scotland,Bulawayo,2023-06-27,ODI # 4603,Wanindu Hasaranga
20.0,27,21.0,1,1,95.23,8,1,1,v Netherlands,Bulawayo,2023-06-30,ODI # 4606,Wanindu Hasaranga
29.0,34,21.0,2,1,138.09,8,1,1,v Netherlands,Harare,2023-07-09,ODI # 4620,Wanindu Hasaranga
19.0,53,33.0,0,1,57.57,8,0,1,v England,Chester-le-Street,2021-06-29,ODI # 4296,Chamika Karunaratne
21.0,50,38.0,1,0,55.26,8,1,1,v England,The Oval,2021-07-01,ODI # 4297,Chamika Karunaratne
11.0,36,29.0,0,0,37.93,8,1,1,v England,Bristol,2021-07-04,ODI # 4298,Chamika Karunaratne
43.0,52,35.0,1,2,122.85,8,0,1,v India,Colombo (RPS),2021-07-18,ODI # 4307,Chamika Karunaratne
44.0,52,33.0,5,0,133.33,8,0,1,v India,Colombo (RPS),2021-07-20,ODI # 4309,Chamika Karunaratne
3.0,13,10.0,0,0,30.00,8,1,2,v India,Colombo (RPS),2021-07-23,ODI # 4312,Chamika Karunaratne
7.0,14,7.0,0,0,100.00,8,0,1,v South Africa,Colombo (RPS),2021-09-02,ODI # 4314,Chamika Karunaratne
36.0,40,23.0,1,2,156.52,8,1,2,v South Africa,Colombo (RPS),2021-09-04,ODI # 4315,Chamika Karunaratne
16.0,44,39.0,1,0,41.02,8,1,1,v South Africa,Colombo (RPS),2021-09-07,ODI # 4318,Chamika Karunaratne
5.0,4,2.0,1,0,250.00,7,0,2,v Zimbabwe,Pallekele,2022-01-16,ODI # 4341,Chamika Karunaratne
34.0,68,38.0,2,0,89.47,7,1,2,v Zimbabwe,Pallekele,2022-01-18,ODI # 4343,Chamika Karunaratne
30.0,58,32.0,1,0,93.75,7,1,1,v Zimbabwe,Pallekele,2022-01-21,ODI # 4347,Chamika Karunaratne
7.0,11,7.0,1,0,100.00,7,1,1,v Australia,Pallekele,2022-06-14,ODI # 4409,Chamika Karunaratne
18.0,21,17.0,0,1,105.88,7,1,1,v Australia,Pallekele,2022-06-16,ODI # 4412,Chamika Karunaratne
0.0,5,2.0,0,0,0.00,7,0,2,v Australia,Colombo (RPS),2022-06-19,ODI # 4415,Chamika Karunaratne
7.0,16,9.0,0,0,77.77,8,1,1,v Australia,Colombo (RPS),2022-06-21,ODI # 4416,Chamika Karunaratne
75.0,118,75.0,8,2,100.00,8,1,1,v Australia,Colombo (RPS),2022-06-24,ODI # 4418,Chamika Karunaratne
14.0,31,21.0,2,0,66.66,9,1,2,v India,Guwahati,2023-01-10,ODI # 4501,Chamika Karunaratne
17.0,33,25.0,3,0,68.00,9,1,1,v India,Eden Gardens,2023-01-12,ODI # 4503,Chamika Karunaratne
1.0,13,6.0,0,0,16.66,7,1,2,v India,Thiruvananthapuram,2023-01-15,ODI # 4505,Chamika Karunaratne
11.0,54,24.0,1,0,45.83,7,1,2,v New Zealand,Auckland,2023-03-25,ODI # 4548,Chamika Karunaratne
24.0,65,42.0,3,0,57.14,8,1,1,v New Zealand,Hamilton,2023-03-31,ODI # 4557,Chamika Karunaratne
12.0,15,9.0,1,0,133.33,11,0,1,v Scotland,Hobart,2015-03-11,ODI # 3632,Dushmantha Chameera
2.0,17,5.0,0,0,40.00,10,0,1,v South Africa,Sydney,2015-03-18,ODI # 3640,Dushmantha Chameera
13.0,34,29.0,1,0,44.82,10,0,1,v New Zealand,Christchurch,2015-12-26,ODI # 3714,Dushmantha Chameera
9.0,17,12.0,1,0,75.00,10,1,1,v New Zealand,Christchurch,2015-12-28,ODI # 3715,Dushmantha Chameera
0.0,2,1.0,0,0,0.00,10,1,2,v New Zealand,Mount Maunganui,2016-01-05,ODI # 3721,Dushmantha Chameera
19.0,36,31.0,1,0,61.29,10,0,1,v Zimbabwe,Hambantota,2017-07-10,ODI # 3904,Dushmantha Chameera
6.0,-,7.0,0,0,85.71,9,0,1,v India,Pallekele,2017-08-24,ODI # 3906,Dushmantha Chameera
6.0,-,10.0,1,0,60.00,9,1,1,v India,Pallekele,2017-08-27,ODI # 3907,Dushmantha Chameera
10.0,-,12.0,1,0,83.33,10,1,1,v Pakistan,Abu Dhabi,2017-10-18,ODI # 3926,Dushmantha Chameera
11.0,-,15.0,1,0,73.33,10,1,1,v Pakistan,Sharjah,2017-10-23,ODI # 3930,Dushmantha Chameera
1.0,-,4.0,0,0,25.00,11,1,2,v Zimbabwe,Mirpur,2018-01-17,ODI # 3955,Dushmantha Chameera
1.0,-,2.0,0,0,50.00,11,0,1,v Bangladesh,Mirpur,2018-01-27,ODI # 3967,Dushmantha Chameera
2.0,-,5.0,0,0,40.00,11,0,2,v Afghanistan,Abu Dhabi,2018-09-17,ODI # 4038,Dushmantha Chameera
1.0,-,8.0,0,0,12.50,8,1,2,v New Zealand,Nelson,2019-01-08,ODI # 4076,Dushmantha Chameera
8.0,16,15.0,1,0,53.33,9,1,1,v West Indies,North Sound,2021-03-10,ODI # 4276,Dushmantha Chameera
1.0,2,1.0,0,0,100.00,10,0,1,v West Indies,North Sound,2021-03-12,ODI # 4277,Dushmantha Chameera
5.0,29,12.0,0,0,41.66,11,1,2,v Bangladesh,Mirpur,2021-05-23,ODI # 4290,Dushmantha Chameera
4.0,17,12.0,0,0,33.33,11,0,2,v Bangladesh,Mirpur,2021-05-25,ODI # 4291,Dushmantha Chameera
7.0,20,15.0,1,0,46.66,10,1,1,v England,Chester-le-Street,2021-06-29,ODI # 4296,Dushmantha Chameera
14.0,16,12.0,0,1,116.66,10,0,1,v England,The Oval,2021-07-01,ODI # 4297,Dushmantha Chameera
16.0,29,27.0,2,0,59.25,10,1,1,v England,Bristol,2021-07-04,ODI # 4298,Dushmantha Chameera
13.0,19,7.0,1,1,185.71,10,1,1,v India,Colombo (RPS),2021-07-18,ODI # 4307,Dushmantha Chameera
2.0,11,5.0,0,0,40.00,9,1,1,v India,Colombo (RPS),2021-07-20,ODI # 4309,Dushmantha Chameera
0.0,6,0.0,0,0,-,9,1,1,v South Africa,Colombo (RPS),2021-09-02,ODI # 4314,Dushmantha Chameera
11.0,37,23.0,0,0,47.82,9,1,2,v South Africa,Colombo (RPS),2021-09-04,ODI # 4315,Dushmantha Chameera
29.0,52,39.0,3,0,74.35,9,1,1,v South Africa,Colombo (RPS),2021-09-07,ODI # 4318,Dushmantha Chameera
13.0,24,13.0,0,1,100.00,8,1,2,v Zimbabwe,Pallekele,2022-01-18,ODI # 4343,Dushmantha Chameera
1.0,6,3.0,0,0,33.33,9,1,1,v Zimbabwe,Pallekele,2022-01-21,ODI # 4347,Dushmantha Chameera
7.0,24,18.0,1,0,38.88,10,0,1,v Australia,Pallekele,2022-06-16,ODI # 4412,Dushmantha Chameera
0.0,2,1.0,0,0,0.00,9,1,2,v South Africa,Centurion,2019-03-06,ODI # 4107,Kasun Rajitha
0.0,30,9.0,0,0,0.00,11,0,1,v South Africa,Gqeberha,2019-03-13,ODI # 4114,Kasun Rajitha
0.0,-,0.0,0,0,-,10,0,1,v Bangladesh,Colombo (RPS),2019-07-31,ODI # 4195,Kasun Rajitha
1.0,3,1.0,0,0,100.00,11,0,1,v India,Colombo (RPS),2021-07-20,ODI # 4309,Kasun Rajitha
8.0,9,5.0,2,0,160.00,10,1,2,v Afghanistan,Pallekele,2022-11-25,ODI # 4485,Kasun Rajitha
9.0,52,19.0,0,0,47.36,10,0,2,v India,Guwahati,2023-01-10,ODI # 4501,Kasun Rajitha
17.0,26,21.0,3,0,80.95,10,0,1,v India,Eden Gardens,2023-01-12,ODI # 4503,Kasun Rajitha
13.0,33,19.0,2,0,68.42,9,0,2,v India,Thiruvananthapuram,2023-01-15,ODI # 4505,Kasun Rajitha
5.0,12,9.0,1,0,55.55,9,1,2,v New Zealand,Auckland,2023-03-25,ODI # 4548,Kasun Rajitha
9.0,38,32.0,0,0,28.12,10,1,1,v New Zealand,Hamilton,2023-03-31,ODI # 4557,Kasun Rajitha
0.0,1,1.0,0,0,0.00,10,1,1,v Afghanistan,Hambantota,2023-06-02,ODI # 4579,Kasun Rajitha
0.0,3,1.0,0,0,0.00,11,1,1,v Ireland,Bulawayo,2023-06-25,ODI # 4599,Kasun Rajitha
1.0,4,6.0,0,0,16.66,10,1,1,v Scotland,Bulawayo,2023-06-27,ODI # 4603,Kasun Rajitha
5.0,11,7.0,1,0,71.42,10,1,1,v South Africa,Johannesburg,2017-02-04,ODI # 3831,Lahiru Kumara
1.0,9,7.0,0,0,14.28,10,0,2,v South Africa,Cape Town,2017-02-07,ODI # 3833,Lahiru Kumara
0.0,-,4.0,0,0,0.00,11,0,2,v Bangladesh,Dambulla,2017-03-25,ODI # 3855,Lahiru Kumara
3.0,-,6.0,0,0,50.00,11,1,1,v South Africa,Dambulla,2018-07-29,ODI # 4025,Lahiru Kumara
7.0,-,13.0,1,0,53.84,11,0,2,v South Africa,Pallekele,2018-08-05,ODI # 4029,Lahiru Kumara
1.0,-,8.0,0,0,12.50,10,1,2,v Pakistan,Karachi,2019-09-30,ODI # 4211,Lahiru Kumara
0.0,8,1.0,0,0,0.00,11,0,2,v Afghanistan,Pallekele,2022-11-25,ODI # 4485,Lahiru Kumara
0.0,4,2.0,0,0,0.00,11,1,1,v India,Eden Gardens,2023-01-12,ODI # 4503,Lahiru Kumara
9.0,29,19.0,2,0,47.36,10,1,2,v India,Thiruvananthapuram,2023-01-15,ODI # 4505,Lahiru Kumara
10.0,21,10.0,1,1,100.00,10,1,2,v New Zealand,Auckland,2023-03-25,ODI # 4548,Lahiru Kumara
0.0,13,6.0,0,0,0.00,11,0,1,v New Zealand,Hamilton,2023-03-31,ODI # 4557,Lahiru Kumara
4.0,9,5.0,0,0,80.00,9,0,1,v Afghanistan,Hambantota,2023-06-02,ODI # 4579,Lahiru Kumara
4.0,14,4.0,1,0,100.00,10,1,1,v Ireland,Bulawayo,2023-06-25,ODI # 4599,Lahiru Kumara
5.0,18,17.0,0,0,29.41,11,1,1,v Scotland,Bulawayo,2023-06-27,ODI # 4603,Lahiru Kumara
2.0,9,5.0,0,0,40.00,10,1,1,v Netherlands,Bulawayo,2023-06-30,ODI # 4606,Lahiru Kumara
10.0,40,26.0,0,0,38.46,10,0,1,v South Africa,Colombo (RPS),2021-09-07,ODI # 4318,Maheesh Theekshana
4.0,8,4.0,0,0,100.00,10,0,2,v Zimbabwe,Pallekele,2022-01-18,ODI # 4343,Maheesh Theekshana
1.0,4,2.0,0,0,50.00,11,0,1,v Zimbabwe,Pallekele,2022-01-21,ODI # 4347,Maheesh Theekshana
11.0,17,14.0,1,0,78.57,11,0,1,v Australia,Pallekele,2022-06-16,ODI # 4412,Maheesh Theekshana
0.0,5,5.0,0,0,0.00,11,1,1,v Australia,Colombo (RPS),2022-06-21,ODI # 4416,Maheesh Theekshana
2.0,11,8.0,0,0,25.00,11,0,1,v Australia,Colombo (RPS),2022-06-24,ODI # 4418,Maheesh Theekshana
3.0,18,12.0,0,0,25.00,9,1,2,v Afghanistan,Pallekele,2022-11-25,ODI # 4485,Maheesh Theekshana
0.0,3,2.0,0,0,0.00,9,1,1,v Ireland,Bulawayo,2023-06-25,ODI # 4599,Maheesh Theekshana
16.0,35,21.0,1,0,76.19,9,0,1,v Scotland,Bulawayo,2023-06-27,ODI # 4603,Maheesh Theekshana
28.0,55,47.0,1,0,59.57,9,1,1,v Netherlands,Bulawayo,2023-06-30,ODI # 4606,Maheesh Theekshana
13.0,46,30.0,0,0,43.33,9,1,1,v Netherlands,Harare,2023-07-09,ODI # 4620,Maheesh Theekshana
1.0,4,2.0,0,0,50.00,11,1,1,v Afghanistan,Hambantota,2023-06-02,ODI # 4579,Matheesha Pathirana
4.0,14,11.0,1,0,36.36,10,1,1,v Netherlands,Harare,2023-07-09,ODI # 4620,Matheesha Pathirana
22.0,29,20.0,1,1,110.00,8,1,1,v Afghanistan,Hambantota,2023-06-02,ODI # 4579,Dushan Hemantha
