Overs,Mdns,Runs,Wkts,Econ,Pos,Inns,Opposition,Ground,Start Date,MatchNo,Balls,player
3.0,0,10.0,0.0,3.33,7,1,v Scotland,Sharjah,2013-03-06,ODI # 3341,18.0,Rahmat Shah
5.0,0,22.0,0.0,4.4,6,1,v Scotland,Sharjah,2013-03-08,ODI # 3342,30.0,Rahmat Shah
1.5,1,7.0,1.0,3.81,5,1,v Kenya,Sharjah,2013-10-02,ODI # 3417,11.0,Rahmat Shah
2.0,0,14.0,0.0,7.0,6,1,v Kenya,Sharjah,2013-10-04,ODI # 3418,12.0,Rahmat Shah
2.0,0,21.0,0.0,10.5,6,2,v India,Mirpur,2014-03-05,ODI # 3483,12.0,Rahmat Shah
2.0,0,15.0,0.0,7.5,6,1,v Hong Kong,Kuala Lumpur,2014-05-01,ODI # 3487,12.0,Rahmat Shah
5.3,0,32.0,5.0,5.81,7,2,v U.A.E.,Kuala Lumpur,2014-05-02,ODI # 3488,32.0,Rahmat Shah
3.0,0,28.0,0.0,9.33,5,2,v Zimbabwe,Bulawayo,2014-07-20,ODI # 3504,18.0,Rahmat Shah
6.0,0,30.0,0.0,5.0,7,2,v Ireland,Belfast,2016-07-14,ODI # 3762,36.0,Rahmat Shah
6.0,0,30.0,2.0,5.0,5,2,v Ireland,Belfast,2016-07-17,ODI # 3763,36.0,Rahmat Shah
2.0,0,12.0,0.0,6.0,5,1,v Ireland,Belfast,2016-07-19,ODI # 3764,12.0,Rahmat Shah
8.0,0,30.0,1.0,3.75,6,1,v Bangladesh,Mirpur,2016-09-28,ODI # 3783,48.0,Rahmat Shah
8.0,0,59.0,1.0,7.37,6,1,v Bangladesh,Mirpur,2016-10-01,ODI # 3786,48.0,Rahmat Shah
2.0,0,10.0,0.0,5.0,5,2,v Ireland,Greater Noida,2017-03-22,ODI # 3853,12.0,Rahmat Shah
2.0,0,11.0,1.0,5.5,6,2,v Zimbabwe,Sharjah,2018-02-09,ODI # 3972,12.0,Rahmat Shah
3.0,0,34.0,0.0,11.33,6,1,v Zimbabwe,Sharjah,2018-02-11,ODI # 3974,18.0,Rahmat Shah
2.0,0,18.0,0.0,9.0,7,2,v Scotland,Bulawayo,2018-03-04,ODI # 3983,12.0,Rahmat Shah
2.0,1,7.0,1.0,3.5,7,2,v Bangladesh,Abu Dhabi,2018-09-20,ODI # 4041,12.0,Rahmat Shah
2.0,0,10.0,0.0,5.0,7,2,v India,Dubai (DSC),2018-09-25,ODI # 4046,12.0,Rahmat Shah
2.0,0,10.0,0.0,5.0,6,1,v Ireland,Dehradun,2019-02-28,ODI # 4100,12.0,Rahmat Shah
1.0,0,13.0,0.0,13.0,6,1,v Scotland,Edinburgh,2019-05-10,ODI # 4131,6.0,Rahmat Shah
4.0,0,12.0,1.0,3.0,6,2,v Ireland,Belfast,2019-05-21,ODI # 4141,24.0,Rahmat Shah
5.0,0,21.0,0.0,4.2,5,2,v New Zealand,Taunton,2019-06-08,ODI # 4154,30.0,Rahmat Shah
2.0,0,19.0,0.0,9.5,5,1,v England,Manchester,2019-06-18,ODI # 4163,12.0,Rahmat Shah
5.0,0,22.0,1.0,4.4,6,1,v India,Southampton,2019-06-22,ODI # 4169,30.0,Rahmat Shah
1.0,0,7.0,0.0,7.0,6,1,v Bangladesh,Southampton,2019-06-24,ODI # 4172,6.0,Rahmat Shah
1.0,0,10.0,0.0,10.0,7,1,v Bangladesh,Chattogram,2022-02-25,ODI # 4358,6.0,Rahmat Shah
2.0,0,17.0,0.0,8.5,6,2,v U.A.E.,Kuala Lumpur,2014-05-02,ODI # 3488,12.0,Hashmatullah Shahidi
1.0,0,8.0,0.0,8.0,6,2,v Zimbabwe,Harare,2017-02-16,ODI # 3835,6.0,Hashmatullah Shahidi
8.0,0,41.0,0.0,5.12,5,2,v Scotland,Benoni,2009-04-19,ODI # 2842,48.0,Mohammad Nabi
9.0,0,24.0,0.0,2.66,4,1,v Netherlands,Amstelveen,2009-08-30,ODI # 2880,54.0,Mohammad Nabi
8.0,0,28.0,0.0,3.5,4,1,v Netherlands,Amstelveen,2009-09-01,ODI # 2881,48.0,Mohammad Nabi
10.0,0,45.0,2.0,4.5,6,2,v Canada,Sharjah,2010-02-16,ODI # 2957,60.0,Mohammad Nabi
8.0,1,23.0,2.0,2.87,5,2,v Canada,Sharjah,2010-02-18,ODI # 2959,48.0,Mohammad Nabi
10.0,0,48.0,0.0,4.8,4,1,v Canada,The Hague,2010-07-01,ODI # 3005,60.0,Mohammad Nabi
10.0,0,55.0,1.0,5.5,4,1,v Ireland,Rotterdam,2010-07-03,ODI # 3008,60.0,Mohammad Nabi
10.0,0,49.0,0.0,4.9,3,1,v Kenya,Amstelveen,2010-07-05,ODI # 3012,60.0,Mohammad Nabi
4.0,0,12.0,0.0,3.0,5,1,v Netherlands,The Hague,2010-07-07,ODI # 3017,24.0,Mohammad Nabi
9.0,1,31.0,2.0,3.44,3,2,v Scotland,Rotterdam,2010-07-09,ODI # 3019,54.0,Mohammad Nabi
9.0,2,42.0,1.0,4.66,3,1,v Netherlands,Rotterdam,2010-07-10,ODI # 3024,54.0,Mohammad Nabi
6.0,0,23.0,0.0,3.83,4,1,v Scotland,Ayr,2010-08-16,ODI # 3033,36.0,Mohammad Nabi
8.0,2,32.0,0.0,4.0,2,1,v Kenya,Nairobi (Gym),2010-10-07,ODI # 3052,48.0,Mohammad Nabi
4.0,0,14.0,1.0,3.5,2,1,v Kenya,Nairobi (Gym),2010-10-09,ODI # 3053,24.0,Mohammad Nabi
6.0,0,33.0,0.0,5.5,2,2,v Kenya,Nairobi (Gym),2010-10-11,ODI # 3055,36.0,Mohammad Nabi
9.5,2,31.0,4.0,3.15,4,1,v Canada,King City (NW),2011-08-07,ODI # 3173,59.0,Mohammad Nabi
4.0,0,16.0,1.0,4.0,4,2,v Canada,Toronto,2011-08-09,ODI # 3174,24.0,Mohammad Nabi
5.1,0,29.0,0.0,5.61,6,2,v Pakistan,Sharjah,2012-02-10,ODI # 3236,30.0,Mohammad Nabi
5.0,0,37.0,0.0,7.4,6,2,v Netherlands,Sharjah,2012-03-29,ODI # 3270,30.0,Mohammad Nabi
10.0,0,48.0,2.0,4.8,6,1,v Netherlands,Sharjah,2012-03-31,ODI # 3271,60.0,Mohammad Nabi
10.0,1,28.0,1.0,2.8,4,1,v Ireland,Dublin,2012-07-05,ODI # 3282,60.0,Mohammad Nabi
10.0,0,50.0,2.0,5.0,7,1,v Australia,Sharjah,2012-08-25,ODI # 3297,60.0,Mohammad Nabi
7.0,0,21.0,0.0,3.0,5,1,v Scotland,Sharjah,2013-03-06,ODI # 3341,42.0,Mohammad Nabi
10.0,1,53.0,2.0,5.3,5,1,v Scotland,Sharjah,2013-03-08,ODI # 3342,60.0,Mohammad Nabi
4.0,0,9.0,0.0,2.25,7,1,v Kenya,Sharjah,2013-10-02,ODI # 3417,24.0,Mohammad Nabi
8.3,4,10.0,2.0,1.17,4,1,v Kenya,Sharjah,2013-10-04,ODI # 3418,51.0,Mohammad Nabi
8.0,0,46.0,0.0,5.75,3,1,v Pakistan,Fatullah,2014-02-27,ODI # 3475,48.0,Mohammad Nabi
9.4,0,44.0,3.0,4.55,5,2,v Bangladesh,Fatullah,2014-03-01,ODI # 3478,58.0,Mohammad Nabi
6.4,1,23.0,0.0,3.45,5,1,v Sri Lanka,Mirpur,2014-03-03,ODI # 3481,40.0,Mohammad Nabi
10.0,0,30.0,1.0,3.0,1,2,v India,Mirpur,2014-03-05,ODI # 3483,60.0,Mohammad Nabi
10.0,0,35.0,2.0,3.5,7,1,v Hong Kong,Kuala Lumpur,2014-05-01,ODI # 3487,60.0,Mohammad Nabi
6.0,0,19.0,1.0,3.16,4,2,v U.A.E.,Kuala Lumpur,2014-05-02,ODI # 3488,36.0,Mohammad Nabi
10.0,0,40.0,1.0,4.0,5,2,v Zimbabwe,Bulawayo,2014-07-18,ODI # 3503,60.0,Mohammad Nabi
10.0,0,42.0,0.0,4.2,4,2,v Zimbabwe,Bulawayo,2014-07-20,ODI # 3504,60.0,Mohammad Nabi
10.0,0,56.0,1.0,5.6,6,1,v Zimbabwe,Bulawayo,2014-07-22,ODI # 3505,60.0,Mohammad Nabi
5.0,1,15.0,1.0,3.0,1,2,v Zimbabwe,Bulawayo,2014-07-24,ODI # 3506,30.0,Mohammad Nabi
10.0,0,41.0,2.0,4.1,3,2,v U.A.E.,ICCA Dubai,2014-11-28,ODI # 3556,60.0,Mohammad Nabi
8.0,0,35.0,1.0,4.37,4,2,v U.A.E.,ICCA Dubai,2014-11-30,ODI # 3558,48.0,Mohammad Nabi
10.0,0,46.0,0.0,4.6,3,1,v U.A.E.,ICCA Dubai,2014-12-02,ODI # 3560,60.0,Mohammad Nabi
10.0,0,62.0,2.0,6.2,1,1,v U.A.E.,ICCA Dubai,2014-12-04,ODI # 3562,60.0,Mohammad Nabi
9.0,0,46.0,1.0,5.11,5,1,v Scotland,ICCA Dubai,2015-01-08,ODI # 3572,54.0,Mohammad Nabi
10.0,0,39.0,2.0,3.9,2,2,v Ireland,Dubai (DSC),2015-01-10,ODI # 3573,60.0,Mohammad Nabi
10.0,0,51.0,0.0,5.1,5,1,v Scotland,Abu Dhabi,2015-01-14,ODI # 3576,60.0,Mohammad Nabi
8.0,0,20.0,1.0,2.5,4,2,v Ireland,Dubai (DSC),2015-01-17,ODI # 3581,48.0,Mohammad Nabi
9.0,0,58.0,1.0,6.44,5,1,v Bangladesh,Canberra,2015-02-18,ODI # 3605,54.0,Mohammad Nabi
5.2,0,28.0,0.0,5.25,5,2,v Sri Lanka,Dunedin,2015-02-22,ODI # 3609,32.0,Mohammad Nabi
10.0,0,38.0,1.0,3.8,5,1,v Scotland,Dunedin,2015-02-26,ODI # 3614,60.0,Mohammad Nabi
10.0,0,84.0,0.0,8.4,4,1,v Australia,Perth,2015-03-04,ODI # 3623,60.0,Mohammad Nabi
7.1,0,39.0,1.0,5.44,4,2,v New Zealand,Napier,2015-03-08,ODI # 3628,42.0,Mohammad Nabi
4.1,0,14.0,0.0,3.36,4,2,v England,Sydney,2015-03-13,ODI # 3635,24.0,Mohammad Nabi
2.0,0,10.0,0.0,5.0,5,2,v Zimbabwe,Bulawayo,2015-10-16,ODI # 3693,12.0,Mohammad Nabi
7.0,0,39.0,1.0,5.57,3,2,v Zimbabwe,Bulawayo,2015-10-18,ODI # 3694,42.0,Mohammad Nabi
9.0,0,30.0,0.0,3.33,4,2,v Zimbabwe,Bulawayo,2015-10-20,ODI # 3696,54.0,Mohammad Nabi
9.0,0,34.0,1.0,3.77,3,1,v Zimbabwe,Bulawayo,2015-10-22,ODI # 3697,54.0,Mohammad Nabi
8.0,0,33.0,0.0,4.12,3,2,v Zimbabwe,Bulawayo,2015-10-24,ODI # 3699,48.0,Mohammad Nabi
5.0,0,15.0,3.0,3.0,5,2,v Zimbabwe,Sharjah,2015-12-25,ODI # 3713,30.0,Mohammad Nabi
10.0,0,49.0,2.0,4.9,4,1,v Zimbabwe,Sharjah,2015-12-29,ODI # 3716,60.0,Mohammad Nabi
9.0,0,47.0,1.0,5.22,3,1,v Zimbabwe,Sharjah,2016-01-02,ODI # 3719,54.0,Mohammad Nabi
5.0,0,26.0,0.0,5.2,6,1,v Zimbabwe,Sharjah,2016-01-04,ODI # 3720,30.0,Mohammad Nabi
10.0,1,23.0,2.0,2.3,6,1,v Zimbabwe,Sharjah,2016-01-06,ODI # 3722,60.0,Mohammad Nabi
5.0,0,26.0,3.0,5.2,3,2,v Scotland,Edinburgh,2016-07-06,ODI # 3760,30.0,Mohammad Nabi
9.0,0,45.0,3.0,5.0,1,2,v Ireland,Belfast,2016-07-12,ODI # 3761,54.0,Mohammad Nabi
8.0,1,42.0,1.0,5.25,3,2,v Ireland,Belfast,2016-07-14,ODI # 3762,48.0,Mohammad Nabi
6.0,0,17.0,0.0,2.83,3,2,v Ireland,Belfast,2016-07-17,ODI # 3763,36.0,Mohammad Nabi
9.0,0,38.0,1.0,4.22,4,1,v Ireland,Belfast,2016-07-19,ODI # 3764,54.0,Mohammad Nabi
10.0,0,40.0,2.0,4.0,3,1,v Bangladesh,Mirpur,2016-09-25,ODI # 3781,60.0,Mohammad Nabi
10.0,3,16.0,2.0,1.6,1,1,v Bangladesh,Mirpur,2016-09-28,ODI # 3783,60.0,Mohammad Nabi
10.0,1,41.0,2.0,4.1,1,1,v Bangladesh,Mirpur,2016-10-01,ODI # 3786,60.0,Mohammad Nabi
7.0,0,26.0,1.0,3.71,3,2,v Zimbabwe,Harare,2017-02-16,ODI # 3835,42.0,Mohammad Nabi
9.0,0,38.0,3.0,4.22,3,2,v Zimbabwe,Harare,2017-02-19,ODI # 3837,54.0,Mohammad Nabi
7.0,0,26.0,1.0,3.71,4,1,v Zimbabwe,Harare,2017-02-21,ODI # 3838,42.0,Mohammad Nabi
5.2,1,11.0,2.0,2.06,5,2,v Zimbabwe,Harare,2017-02-24,ODI # 3840,32.0,Mohammad Nabi
3.5,0,14.0,3.0,3.65,4,2,v Zimbabwe,Harare,2017-02-26,ODI # 3842,23.0,Mohammad Nabi
9.0,0,38.0,0.0,4.22,4,2,v Ireland,Greater Noida,2017-03-15,ODI # 3850,54.0,Mohammad Nabi
9.0,1,70.0,0.0,7.77,3,2,v Ireland,Greater Noida,2017-03-17,ODI # 3851,54.0,Mohammad Nabi
9.0,0,64.0,1.0,7.11,4,2,v Ireland,Greater Noida,2017-03-19,ODI # 3852,54.0,Mohammad Nabi
9.0,0,30.0,4.0,3.33,4,2,v Ireland,Greater Noida,2017-03-22,ODI # 3853,54.0,Mohammad Nabi
10.0,0,45.0,0.0,4.5,4,1,v Ireland,Greater Noida,2017-03-24,ODI # 3854,60.0,Mohammad Nabi
10.0,0,34.0,0.0,3.4,2,2,v West Indies,Gros Islet,2017-06-09,ODI # 3884,60.0,Mohammad Nabi
10.0,0,33.0,1.0,3.3,2,2,v West Indies,Gros Islet,2017-06-11,ODI # 3887,60.0,Mohammad Nabi
5.0,0,14.0,1.0,2.8,4,2,v Ireland,Sharjah,2017-12-05,ODI # 3935,30.0,Mohammad Nabi
10.0,0,61.0,2.0,6.1,4,1,v Ireland,Sharjah,2017-12-07,ODI # 3937,60.0,Mohammad Nabi
9.0,0,28.0,2.0,3.11,5,2,v Ireland,Sharjah,2017-12-10,ODI # 3940,54.0,Mohammad Nabi
7.0,2,25.0,1.0,3.57,3,2,v Zimbabwe,Sharjah,2018-02-09,ODI # 3972,42.0,Mohammad Nabi
10.0,0,33.0,0.0,3.3,5,1,v Zimbabwe,Sharjah,2018-02-11,ODI # 3974,60.0,Mohammad Nabi
4.0,0,28.0,0.0,7.0,3,1,v Zimbabwe,Sharjah,2018-02-13,ODI # 3975,24.0,Mohammad Nabi
7.0,1,18.0,2.0,2.57,4,1,v Zimbabwe,Sharjah,2018-02-16,ODI # 3977,42.0,Mohammad Nabi
7.0,1,26.0,2.0,3.71,4,2,v Zimbabwe,Sharjah,2018-02-19,ODI # 3979,42.0,Mohammad Nabi
8.2,0,35.0,0.0,4.2,4,2,v Scotland,Bulawayo,2018-03-04,ODI # 3983,49.0,Mohammad Nabi
6.0,0,31.0,1.0,5.16,5,1,v Zimbabwe,Bulawayo,2018-03-06,ODI # 3988,36.0,Mohammad Nabi
9.0,1,48.0,3.0,5.33,6,1,v Hong Kong,Bulawayo,2018-03-08,ODI # 3990,54.0,Mohammad Nabi
10.0,1,43.0,2.0,4.3,4,1,v West Indies,Harare,2018-03-15,ODI # 3997,60.0,Mohammad Nabi
8.0,0,33.0,1.0,4.12,5,1,v U.A.E.,Harare,2018-03-20,ODI # 4003,48.0,Mohammad Nabi
9.0,0,48.0,1.0,5.33,4,1,v Ireland,Harare,2018-03-23,ODI # 4006,54.0,Mohammad Nabi
9.0,1,37.0,0.0,4.11,4,1,v West Indies,Harare,2018-03-25,ODI # 4007,54.0,Mohammad Nabi
10.0,0,42.0,2.0,4.2,4,2,v Ireland,Belfast,2018-08-27,ODI # 4032,60.0,Mohammad Nabi
8.5,2,38.0,2.0,4.3,4,2,v Ireland,Belfast,2018-08-29,ODI # 4033,53.0,Mohammad Nabi
8.1,0,26.0,2.0,3.18,5,1,v Ireland,Belfast,2018-08-31,ODI # 4035,48.0,Mohammad Nabi
10.0,1,30.0,2.0,3.0,4,2,v Sri Lanka,Abu Dhabi,2018-09-17,ODI # 4038,60.0,Mohammad Nabi
10.0,1,24.0,1.0,2.4,4,2,v Bangladesh,Abu Dhabi,2018-09-20,ODI # 4041,60.0,Mohammad Nabi
10.0,0,50.0,0.0,5.0,4,2,v Pakistan,Abu Dhabi,2018-09-21,ODI # 4043,60.0,Mohammad Nabi
10.0,0,44.0,0.0,4.4,4,1,v Bangladesh,Abu Dhabi,2018-09-23,ODI # 4045,60.0,Mohammad Nabi
10.0,0,40.0,2.0,4.0,4,2,v India,Dubai (DSC),2018-09-25,ODI # 4046,60.0,Mohammad Nabi
10.0,0,52.0,1.0,5.2,4,1,v Ireland,Dehradun,2019-02-28,ODI # 4100,60.0,Mohammad Nabi
10.0,0,45.0,1.0,4.5,4,2,v Ireland,Dehradun,2019-03-05,ODI # 4105,60.0,Mohammad Nabi
7.3,1,18.0,1.0,2.4,4,2,v Ireland,Dehradun,2019-03-08,ODI # 4108,44.0,Mohammad Nabi
9.2,0,47.0,1.0,5.03,3,2,v Ireland,Dehradun,2019-03-10,ODI # 4110,55.0,Mohammad Nabi
4.0,0,21.0,0.0,5.25,6,1,v Ireland,Belfast,2019-05-19,ODI # 4139,24.0,Mohammad Nabi
6.0,0,32.0,0.0,5.33,5,2,v Australia,Bristol,2019-06-01,ODI # 4146,36.0,Mohammad Nabi
9.0,0,30.0,4.0,3.33,4,1,v Sri Lanka,Cardiff,2019-06-04,ODI # 4149,54.0,Mohammad Nabi
3.0,0,18.0,0.0,6.0,4,2,v New Zealand,Taunton,2019-06-08,ODI # 4154,18.0,Mohammad Nabi
6.4,0,29.0,0.0,4.35,5,2,v South Africa,Cardiff,2019-06-15,ODI # 4160,40.0,Mohammad Nabi
9.0,0,70.0,0.0,7.77,3,1,v England,Manchester,2019-06-18,ODI # 4163,54.0,Mohammad Nabi
9.0,0,33.0,2.0,3.66,4,1,v India,Southampton,2019-06-22,ODI # 4169,54.0,Mohammad Nabi
10.0,0,44.0,1.0,4.4,3,1,v Bangladesh,Southampton,2019-06-24,ODI # 4172,60.0,Mohammad Nabi
10.0,0,23.0,2.0,2.3,4,2,v Pakistan,Leeds,2019-06-29,ODI # 4177,60.0,Mohammad Nabi
10.0,0,56.0,1.0,5.6,5,1,v West Indies,Leeds,2019-07-04,ODI # 4184,60.0,Mohammad Nabi
10.0,0,44.0,0.0,4.4,4,2,v West Indies,Lucknow,2019-11-06,ODI # 4213,60.0,Mohammad Nabi
10.0,2,37.0,1.0,3.7,4,1,v West Indies,Lucknow,2019-11-09,ODI # 4214,60.0,Mohammad Nabi
10.0,1,47.0,1.0,4.7,4,2,v West Indies,Lucknow,2019-11-11,ODI # 4215,60.0,Mohammad Nabi
10.0,0,45.0,1.0,4.5,4,2,v Ireland,Abu Dhabi,2021-01-21,ODI # 4271,60.0,Mohammad Nabi
10.0,0,43.0,0.0,4.3,4,1,v Ireland,Abu Dhabi,2021-01-24,ODI # 4273,60.0,Mohammad Nabi
10.0,0,53.0,1.0,5.3,3,2,v Ireland,Abu Dhabi,2021-01-26,ODI # 4275,60.0,Mohammad Nabi
10.0,1,32.0,0.0,3.2,5,2,v Bangladesh,Chattogram,2022-02-23,ODI # 4357,60.0,Mohammad Nabi
4.0,0,26.0,0.0,6.5,6,1,v Bangladesh,Chattogram,2022-02-25,ODI # 4358,24.0,Mohammad Nabi
10.0,0,29.0,2.0,2.9,6,1,v Bangladesh,Chattogram,2022-02-28,ODI # 4359,60.0,Mohammad Nabi
10.0,0,34.0,4.0,3.4,6,2,v Zimbabwe,Harare,2022-06-04,ODI # 4397,60.0,Mohammad Nabi
9.0,0,31.0,2.0,3.44,5,1,v Zimbabwe,Harare,2022-06-06,ODI # 4400,54.0,Mohammad Nabi
8.0,3,21.0,2.0,2.62,6,1,v Zimbabwe,Harare,2022-06-09,ODI # 4403,48.0,Mohammad Nabi
2.0,0,27.0,0.0,13.5,6,2,v Sri Lanka,Pallekele,2022-11-25,ODI # 4485,12.0,Mohammad Nabi
10.0,0,56.0,2.0,5.6,4,2,v Sri Lanka,Pallekele,2022-11-30,ODI # 4490,60.0,Mohammad Nabi
7.0,0,31.0,1.0,4.42,6,1,v Sri Lanka,Hambantota,2023-06-02,ODI # 4579,42.0,Mohammad Nabi
10.0,0,52.0,2.0,5.2,5,1,v Sri Lanka,Hambantota,2023-06-04,ODI # 4580,60.0,Mohammad Nabi
3.0,0,20.0,0.0,6.66,6,2,v Sri Lanka,Hambantota,2023-06-07,ODI # 4583,18.0,Mohammad Nabi
6.0,0,25.0,1.0,4.16,5,1,v Bangladesh,Chattogram,2023-07-05,ODI # 4615,36.0,Mohammad Nabi
6.0,0,29.0,1.0,4.83,4,2,v Bangladesh,Chattogram,2023-07-08,ODI # 4619,36.0,Mohammad Nabi
2.0,0,7.0,1.0,3.5,6,2,v Bangladesh,Chattogram,2023-07-11,ODI # 4621,12.0,Mohammad Nabi
3.0,0,9.0,0.0,3.0,1,1,v Sri Lanka,Mirpur,2014-03-03,ODI # 3481,18.0,Najibullah Zadran
2.0,0,21.0,0.0,10.5,6,2,v Zimbabwe,Bulawayo,2015-10-24,ODI # 3699,12.0,Najibullah Zadran
4.0,0,24.0,0.0,6.0,6,2,v Ireland,Abu Dhabi,2021-01-21,ODI # 4271,24.0,Azmatullah Omarzai
6.0,0,23.0,1.0,3.83,4,2,v Netherlands,Doha,2022-01-25,ODI # 4350,36.0,Azmatullah Omarzai
7.0,0,37.0,0.0,5.28,4,1,v Bangladesh,Chattogram,2022-02-25,ODI # 4358,42.0,Azmatullah Omarzai
6.0,0,29.0,1.0,4.83,3,1,v Bangladesh,Chattogram,2022-02-28,ODI # 4359,36.0,Azmatullah Omarzai
6.0,0,24.0,1.0,4.0,3,2,v Zimbabwe,Harare,2022-06-04,ODI # 4397,36.0,Azmatullah Omarzai
7.0,0,25.0,0.0,3.57,4,1,v Zimbabwe,Harare,2022-06-06,ODI # 4400,42.0,Azmatullah Omarzai
5.0,0,17.0,1.0,3.4,4,1,v Zimbabwe,Harare,2022-06-09,ODI # 4403,30.0,Azmatullah Omarzai
8.0,1,35.0,1.0,4.37,2,1,v Sri Lanka,Hambantota,2023-06-02,ODI # 4579,48.0,Azmatullah Omarzai
5.0,0,48.0,0.0,9.6,2,1,v Sri Lanka,Hambantota,2023-06-04,ODI # 4580,30.0,Azmatullah Omarzai
6.0,0,39.0,1.0,6.5,3,1,v Bangladesh,Chattogram,2023-07-05,ODI # 4615,36.0,Azmatullah Omarzai
5.0,0,30.0,0.0,6.0,6,2,v Bangladesh,Chattogram,2023-07-08,ODI # 4619,30.0,Azmatullah Omarzai
2.0,0,11.0,0.0,5.5,4,2,v Bangladesh,Chattogram,2023-07-11,ODI # 4621,12.0,Azmatullah Omarzai
4.0,0,27.0,0.0,6.75,5,2,v Bangladesh,Chattogram,2023-07-11,ODI # 4621,24.0,Abdul Rahman
3.3,0,22.0,0.0,6.28,3,2,v Bangladesh,Chattogram,2023-07-11,ODI # 4621,20.0,Zia-ur-Rehman
10.0,2,24.0,4.0,2.4,2,2,v Ireland,Sharjah,2017-12-05,ODI # 3935,60.0,Mujeeb Ur Rahman
10.0,0,50.0,2.0,5.0,1,1,v Ireland,Sharjah,2017-12-07,ODI # 3937,60.0,Mujeeb Ur Rahman
10.0,1,42.0,1.0,4.2,2,2,v Ireland,Sharjah,2017-12-10,ODI # 3940,60.0,Mujeeb Ur Rahman
8.0,2,41.0,2.0,5.12,1,2,v Zimbabwe,Sharjah,2018-02-09,ODI # 3972,48.0,Mujeeb Ur Rahman
10.0,0,47.0,1.0,4.7,1,1,v Zimbabwe,Sharjah,2018-02-11,ODI # 3974,60.0,Mujeeb Ur Rahman
10.0,1,45.0,3.0,4.5,2,1,v Zimbabwe,Sharjah,2018-02-13,ODI # 3975,60.0,Mujeeb Ur Rahman
10.0,0,50.0,5.0,5.0,2,1,v Zimbabwe,Sharjah,2018-02-16,ODI # 3977,60.0,Mujeeb Ur Rahman
8.0,1,28.0,1.0,3.5,1,2,v Zimbabwe,Sharjah,2018-02-19,ODI # 3979,48.0,Mujeeb Ur Rahman
10.0,1,47.0,2.0,4.7,2,2,v Scotland,Bulawayo,2018-03-04,ODI # 3983,60.0,Mujeeb Ur Rahman
9.0,1,49.0,3.0,5.44,1,1,v Zimbabwe,Bulawayo,2018-03-06,ODI # 3988,54.0,Mujeeb Ur Rahman
10.0,1,26.0,3.0,2.6,2,1,v Hong Kong,Bulawayo,2018-03-08,ODI # 3990,60.0,Mujeeb Ur Rahman
10.0,1,33.0,3.0,3.3,2,1,v West Indies,Harare,2018-03-15,ODI # 3997,60.0,Mujeeb Ur Rahman
9.0,2,26.0,1.0,2.88,2,1,v U.A.E.,Harare,2018-03-20,ODI # 4003,54.0,Mujeeb Ur Rahman
10.0,0,31.0,0.0,3.1,2,1,v Ireland,Harare,2018-03-23,ODI # 4006,60.0,Mujeeb Ur Rahman
9.5,0,43.0,4.0,4.37,2,1,v West Indies,Harare,2018-03-25,ODI # 4007,59.0,Mujeeb Ur Rahman
10.0,0,32.0,1.0,3.2,2,2,v Ireland,Belfast,2018-08-27,ODI # 4032,60.0,Mujeeb Ur Rahman
10.0,0,41.0,1.0,4.1,1,2,v Ireland,Belfast,2018-08-29,ODI # 4033,60.0,Mujeeb Ur Rahman
7.0,1,19.0,0.0,2.71,2,1,v Ireland,Belfast,2018-08-31,ODI # 4035,42.0,Mujeeb Ur Rahman
9.0,1,32.0,2.0,3.55,1,2,v Sri Lanka,Abu Dhabi,2018-09-17,ODI # 4038,54.0,Mujeeb Ur Rahman
8.1,1,22.0,2.0,2.69,2,2,v Bangladesh,Abu Dhabi,2018-09-20,ODI # 4041,48.0,Mujeeb Ur Rahman
10.0,2,33.0,2.0,3.3,1,2,v Pakistan,Abu Dhabi,2018-09-21,ODI # 4043,60.0,Mujeeb Ur Rahman
10.0,0,35.0,1.0,3.5,2,1,v Bangladesh,Abu Dhabi,2018-09-23,ODI # 4045,60.0,Mujeeb Ur Rahman
10.0,1,43.0,0.0,4.3,2,2,v India,Dubai (DSC),2018-09-25,ODI # 4046,60.0,Mujeeb Ur Rahman
10.0,3,14.0,3.0,1.4,2,1,v Ireland,Dehradun,2019-02-28,ODI # 4100,60.0,Mujeeb Ur Rahman
10.0,0,55.0,1.0,5.5,1,2,v Ireland,Dehradun,2019-03-05,ODI # 4105,60.0,Mujeeb Ur Rahman
8.0,0,25.0,2.0,3.12,1,2,v Ireland,Dehradun,2019-03-08,ODI # 4108,48.0,Mujeeb Ur Rahman
10.0,2,26.0,1.0,2.6,1,2,v Ireland,Dehradun,2019-03-10,ODI # 4110,60.0,Mujeeb Ur Rahman
10.0,0,35.0,0.0,3.5,3,1,v Ireland,Belfast,2019-05-19,ODI # 4139,60.0,Mujeeb Ur Rahman
5.0,1,27.0,0.0,5.4,2,2,v Ireland,Belfast,2019-05-21,ODI # 4141,30.0,Mujeeb Ur Rahman
4.5,0,45.0,1.0,9.31,1,2,v Australia,Bristol,2019-06-01,ODI # 4146,29.0,Mujeeb Ur Rahman
3.0,0,19.0,0.0,6.33,3,1,v Sri Lanka,Cardiff,2019-06-04,ODI # 4149,18.0,Mujeeb Ur Rahman
10.0,0,44.0,0.0,4.4,1,1,v England,Manchester,2019-06-18,ODI # 4163,60.0,Mujeeb Ur Rahman
10.0,0,26.0,1.0,2.6,1,1,v India,Southampton,2019-06-22,ODI # 4169,60.0,Mujeeb Ur Rahman
10.0,0,39.0,3.0,3.9,1,1,v Bangladesh,Southampton,2019-06-24,ODI # 4172,60.0,Mujeeb Ur Rahman
10.0,1,34.0,2.0,3.4,1,2,v Pakistan,Leeds,2019-06-29,ODI # 4177,60.0,Mujeeb Ur Rahman
10.0,0,52.0,0.0,5.2,1,1,v West Indies,Leeds,2019-07-04,ODI # 4184,60.0,Mujeeb Ur Rahman
10.0,1,33.0,2.0,3.3,1,2,v West Indies,Lucknow,2019-11-06,ODI # 4213,60.0,Mujeeb Ur Rahman
10.0,1,52.0,1.0,5.2,1,1,v West Indies,Lucknow,2019-11-09,ODI # 4214,60.0,Mujeeb Ur Rahman
10.0,1,49.0,2.0,4.9,1,2,v West Indies,Lucknow,2019-11-11,ODI # 4215,60.0,Mujeeb Ur Rahman
10.0,0,40.0,2.0,4.0,2,2,v Ireland,Abu Dhabi,2021-01-21,ODI # 4271,60.0,Mujeeb Ur Rahman
10.0,0,46.0,3.0,4.6,2,1,v Ireland,Abu Dhabi,2021-01-24,ODI # 4273,60.0,Mujeeb Ur Rahman
10.0,0,43.0,2.0,4.3,2,2,v Ireland,Abu Dhabi,2021-01-26,ODI # 4275,60.0,Mujeeb Ur Rahman
10.0,1,39.0,2.0,3.9,2,2,v Netherlands,Doha,2022-01-21,ODI # 4345,60.0,Mujeeb Ur Rahman
9.4,0,32.0,4.0,3.31,2,2,v Netherlands,Doha,2022-01-23,ODI # 4348,58.0,Mujeeb Ur Rahman
7.0,0,29.0,1.0,4.14,2,2,v Netherlands,Doha,2022-01-25,ODI # 4350,42.0,Mujeeb Ur Rahman
10.0,0,32.0,1.0,3.2,2,2,v Bangladesh,Chattogram,2022-02-23,ODI # 4357,60.0,Mujeeb Ur Rahman
10.0,0,49.0,0.0,4.9,3,1,v Bangladesh,Chattogram,2022-02-25,ODI # 4358,60.0,Mujeeb Ur Rahman
8.0,0,37.0,0.0,4.62,2,1,v Bangladesh,Chattogram,2022-02-28,ODI # 4359,48.0,Mujeeb Ur Rahman
6.0,0,43.0,0.0,7.16,4,2,v Zimbabwe,Harare,2022-06-04,ODI # 4397,36.0,Mujeeb Ur Rahman
6.0,0,24.0,0.0,4.0,2,1,v Zimbabwe,Harare,2022-06-06,ODI # 4400,36.0,Mujeeb Ur Rahman
10.0,1,23.0,1.0,2.3,3,1,v Zimbabwe,Harare,2022-06-09,ODI # 4403,60.0,Mujeeb Ur Rahman
5.0,0,33.0,0.0,6.6,3,2,v Sri Lanka,Pallekele,2022-11-25,ODI # 4485,30.0,Mujeeb Ur Rahman
1.0,0,2.0,0.0,2.0,2,2,v Sri Lanka,Pallekele,2022-11-27,ODI # 4488,6.0,Mujeeb Ur Rahman
10.0,0,70.0,0.0,7.0,2,2,v Sri Lanka,Pallekele,2022-11-30,ODI # 4490,60.0,Mujeeb Ur Rahman
10.0,1,45.0,1.0,4.5,4,1,v Sri Lanka,Hambantota,2023-06-02,ODI # 4579,60.0,Mujeeb Ur Rahman
10.0,0,39.0,1.0,3.9,3,1,v Sri Lanka,Hambantota,2023-06-04,ODI # 4580,60.0,Mujeeb Ur Rahman
2.0,0,18.0,0.0,9.0,3,2,v Sri Lanka,Hambantota,2023-06-07,ODI # 4583,12.0,Mujeeb Ur Rahman
9.0,1,23.0,2.0,2.55,4,1,v Bangladesh,Chattogram,2023-07-05,ODI # 4615,54.0,Mujeeb Ur Rahman
10.0,0,40.0,3.0,4.0,2,2,v Bangladesh,Chattogram,2023-07-08,ODI # 4619,60.0,Mujeeb Ur Rahman
7.0,1,34.0,0.0,4.85,2,2,v Bangladesh,Chattogram,2023-07-11,ODI # 4621,42.0,Mujeeb Ur Rahman
10.0,2,30.0,1.0,3.0,5,2,v Zimbabwe,Bulawayo,2015-10-18,ODI # 3694,60.0,Rashid Khan
10.0,0,45.0,0.0,4.5,5,2,v Zimbabwe,Bulawayo,2015-10-20,ODI # 3696,60.0,Rashid Khan
10.0,0,37.0,2.0,3.7,5,1,v Zimbabwe,Bulawayo,2015-10-22,ODI # 3697,60.0,Rashid Khan
7.1,0,24.0,2.0,3.34,5,2,v Zimbabwe,Bulawayo,2015-10-24,ODI # 3699,42.0,Rashid Khan
10.0,1,36.0,1.0,3.6,5,1,v Zimbabwe,Sharjah,2016-01-02,ODI # 3719,60.0,Rashid Khan
10.0,0,43.0,3.0,4.3,5,1,v Zimbabwe,Sharjah,2016-01-04,ODI # 3720,60.0,Rashid Khan
10.0,0,59.0,2.0,5.9,5,1,v Zimbabwe,Sharjah,2016-01-06,ODI # 3722,60.0,Rashid Khan
6.0,1,19.0,2.0,3.16,4,2,v Scotland,Edinburgh,2016-07-06,ODI # 3760,36.0,Rashid Khan
10.0,0,28.0,3.0,2.8,5,2,v Ireland,Belfast,2016-07-12,ODI # 3761,60.0,Rashid Khan
10.0,0,44.0,0.0,4.4,5,2,v Ireland,Belfast,2016-07-14,ODI # 3762,60.0,Rashid Khan
8.0,1,21.0,4.0,2.62,6,2,v Ireland,Belfast,2016-07-17,ODI # 3763,48.0,Rashid Khan
10.0,0,68.0,0.0,6.8,6,1,v Ireland,Belfast,2016-07-19,ODI # 3764,60.0,Rashid Khan
10.0,0,37.0,2.0,3.7,5,1,v Bangladesh,Mirpur,2016-09-25,ODI # 3781,60.0,Rashid Khan
10.0,2,35.0,3.0,3.5,5,1,v Bangladesh,Mirpur,2016-09-28,ODI # 3783,60.0,Rashid Khan
10.0,0,39.0,2.0,3.9,5,1,v Bangladesh,Mirpur,2016-10-01,ODI # 3786,60.0,Rashid Khan
4.2,0,17.0,1.0,3.92,5,2,v Zimbabwe,Harare,2017-02-16,ODI # 3835,26.0,Rashid Khan
7.1,0,25.0,3.0,3.48,5,2,v Zimbabwe,Harare,2017-02-19,ODI # 3837,42.0,Rashid Khan
5.4,0,29.0,3.0,5.11,5,1,v Zimbabwe,Harare,2017-02-21,ODI # 3838,34.0,Rashid Khan
7.0,0,27.0,1.0,3.85,4,2,v Zimbabwe,Harare,2017-02-24,ODI # 3840,42.0,Rashid Khan
2.0,0,8.0,2.0,4.0,5,2,v Zimbabwe,Harare,2017-02-26,ODI # 3842,12.0,Rashid Khan
9.0,0,48.0,4.0,5.33,5,2,v Ireland,Greater Noida,2017-03-15,ODI # 3850,54.0,Rashid Khan
9.3,0,43.0,6.0,4.52,6,2,v Ireland,Greater Noida,2017-03-17,ODI # 3851,57.0,Rashid Khan
10.0,1,44.0,0.0,4.4,6,2,v Ireland,Greater Noida,2017-03-19,ODI # 3852,60.0,Rashid Khan
9.0,1,50.0,2.0,5.55,6,2,v Ireland,Greater Noida,2017-03-22,ODI # 3853,54.0,Rashid Khan
10.0,1,29.0,4.0,2.9,5,1,v Ireland,Greater Noida,2017-03-24,ODI # 3854,60.0,Rashid Khan
8.4,1,18.0,7.0,2.07,6,2,v West Indies,Gros Islet,2017-06-09,ODI # 3884,52.0,Rashid Khan
10.0,1,26.0,3.0,2.6,3,2,v West Indies,Gros Islet,2017-06-11,ODI # 3887,60.0,Rashid Khan
6.4,0,28.0,3.0,4.2,5,2,v Ireland,Sharjah,2017-12-05,ODI # 3935,40.0,Rashid Khan
10.0,0,40.0,2.0,4.0,5,1,v Ireland,Sharjah,2017-12-07,ODI # 3937,60.0,Rashid Khan
9.0,1,17.0,2.0,1.88,4,2,v Ireland,Sharjah,2017-12-10,ODI # 3940,54.0,Rashid Khan
5.4,0,26.0,4.0,4.58,5,2,v Zimbabwe,Sharjah,2018-02-09,ODI # 3972,34.0,Rashid Khan
10.0,1,36.0,2.0,3.6,4,1,v Zimbabwe,Sharjah,2018-02-11,ODI # 3974,60.0,Rashid Khan
8.3,1,24.0,5.0,2.82,5,1,v Zimbabwe,Sharjah,2018-02-13,ODI # 3975,51.0,Rashid Khan
10.0,2,28.0,2.0,2.8,5,1,v Zimbabwe,Sharjah,2018-02-16,ODI # 3977,60.0,Rashid Khan
5.1,1,13.0,3.0,2.51,5,2,v Zimbabwe,Sharjah,2018-02-19,ODI # 3979,30.0,Rashid Khan
9.0,0,68.0,1.0,7.55,6,2,v Scotland,Bulawayo,2018-03-04,ODI # 3983,54.0,Rashid Khan
8.0,0,38.0,3.0,4.75,6,1,v Zimbabwe,Bulawayo,2018-03-06,ODI # 3988,48.0,Rashid Khan
10.0,1,39.0,0.0,3.9,4,1,v Hong Kong,Bulawayo,2018-03-08,ODI # 3990,60.0,Rashid Khan
10.0,1,31.0,1.0,3.1,6,1,v West Indies,Harare,2018-03-15,ODI # 3997,60.0,Rashid Khan
9.0,0,41.0,5.0,4.55,6,1,v U.A.E.,Harare,2018-03-20,ODI # 4003,54.0,Rashid Khan
10.0,0,40.0,3.0,4.0,6,1,v Ireland,Harare,2018-03-23,ODI # 4006,60.0,Rashid Khan
9.0,0,42.0,1.0,4.66,6,1,v West Indies,Harare,2018-03-25,ODI # 4007,54.0,Rashid Khan
9.3,0,41.0,2.0,4.31,5,2,v Ireland,Belfast,2018-08-27,ODI # 4032,57.0,Rashid Khan
10.0,0,37.0,3.0,3.7,5,2,v Ireland,Belfast,2018-08-29,ODI # 4033,60.0,Rashid Khan
8.0,2,18.0,3.0,2.25,4,1,v Ireland,Belfast,2018-08-31,ODI # 4035,48.0,Rashid Khan
7.2,0,26.0,2.0,3.54,5,2,v Sri Lanka,Abu Dhabi,2018-09-17,ODI # 4038,44.0,Rashid Khan
9.0,3,13.0,2.0,1.44,6,2,v Bangladesh,Abu Dhabi,2018-09-20,ODI # 4041,54.0,Rashid Khan
10.0,0,46.0,3.0,4.6,5,2,v Pakistan,Abu Dhabi,2018-09-21,ODI # 4043,60.0,Rashid Khan
10.0,0,46.0,1.0,4.6,5,1,v Bangladesh,Abu Dhabi,2018-09-23,ODI # 4045,60.0,Rashid Khan
9.5,0,41.0,2.0,4.16,5,2,v India,Dubai (DSC),2018-09-25,ODI # 4046,59.0,Rashid Khan
10.0,0,30.0,1.0,3.0,5,1,v Ireland,Dehradun,2019-02-28,ODI # 4100,60.0,Rashid Khan
9.0,0,44.0,1.0,4.88,5,2,v Ireland,Dehradun,2019-03-05,ODI # 4105,54.0,Rashid Khan
6.0,0,22.0,2.0,3.66,5,2,v Ireland,Dehradun,2019-03-08,ODI # 4108,36.0,Rashid Khan
10.0,0,41.0,1.0,4.1,5,2,v Ireland,Dehradun,2019-03-10,ODI # 4110,60.0,Rashid Khan
10.0,0,41.0,2.0,4.1,5,1,v Ireland,Belfast,2019-05-19,ODI # 4139,60.0,Rashid Khan
9.0,0,31.0,0.0,3.44,5,2,v Ireland,Belfast,2019-05-21,ODI # 4141,54.0,Rashid Khan
8.0,0,52.0,1.0,6.5,6,2,v Australia,Bristol,2019-06-01,ODI # 4146,48.0,Rashid Khan
7.5,1,17.0,2.0,2.17,6,1,v Sri Lanka,Cardiff,2019-06-04,ODI # 4149,47.0,Rashid Khan
7.0,0,45.0,0.0,6.42,3,2,v South Africa,Cardiff,2019-06-15,ODI # 4160,42.0,Rashid Khan
9.0,0,110.0,0.0,12.22,6,1,v England,Manchester,2019-06-18,ODI # 4163,54.0,Rashid Khan
10.0,0,38.0,1.0,3.8,5,1,v India,Southampton,2019-06-22,ODI # 4169,60.0,Rashid Khan
10.0,0,52.0,0.0,5.2,5,1,v Bangladesh,Southampton,2019-06-24,ODI # 4172,60.0,Rashid Khan
10.0,0,50.0,1.0,5.0,5,2,v Pakistan,Leeds,2019-06-29,ODI # 4177,60.0,Rashid Khan
10.0,0,52.0,1.0,5.2,6,1,v West Indies,Leeds,2019-07-04,ODI # 4184,60.0,Rashid Khan
10.0,0,43.0,0.0,4.3,3,2,v West Indies,Lucknow,2019-11-06,ODI # 4213,60.0,Rashid Khan
10.0,0,45.0,1.0,4.5,5,1,v West Indies,Lucknow,2019-11-09,ODI # 4214,60.0,Rashid Khan
10.0,0,46.0,1.0,4.6,5,2,v West Indies,Lucknow,2019-11-11,ODI # 4215,60.0,Rashid Khan
10.0,0,56.0,2.0,5.6,5,2,v Ireland,Abu Dhabi,2021-01-21,ODI # 4271,60.0,Rashid Khan
10.0,1,49.0,1.0,4.9,6,1,v Ireland,Abu Dhabi,2021-01-24,ODI # 4273,60.0,Rashid Khan
9.0,0,29.0,4.0,3.22,5,2,v Ireland,Abu Dhabi,2021-01-26,ODI # 4275,54.0,Rashid Khan
9.0,0,31.0,3.0,3.44,5,2,v Netherlands,Doha,2022-01-21,ODI # 4345,54.0,Rashid Khan
9.0,0,31.0,1.0,3.44,6,2,v Netherlands,Doha,2022-01-23,ODI # 4348,54.0,Rashid Khan
9.0,0,37.0,2.0,4.11,6,2,v Netherlands,Doha,2022-01-25,ODI # 4350,54.0,Rashid Khan
10.0,1,30.0,1.0,3.0,4,2,v Bangladesh,Chattogram,2022-02-23,ODI # 4357,60.0,Rashid Khan
10.0,0,54.0,1.0,5.4,5,1,v Bangladesh,Chattogram,2022-02-25,ODI # 4358,60.0,Rashid Khan
10.0,0,37.0,3.0,3.7,5,1,v Bangladesh,Chattogram,2022-02-28,ODI # 4359,60.0,Rashid Khan
10.0,0,39.0,2.0,3.9,5,2,v Zimbabwe,Harare,2022-06-04,ODI # 4397,60.0,Rashid Khan
10.0,0,56.0,2.0,5.6,6,1,v Zimbabwe,Harare,2022-06-06,ODI # 4400,60.0,Rashid Khan
7.5,0,31.0,3.0,3.95,5,1,v Zimbabwe,Harare,2022-06-09,ODI # 4403,47.0,Rashid Khan
8.0,0,40.0,1.0,5.0,5,2,v Sri Lanka,Pallekele,2022-11-25,ODI # 4485,48.0,Rashid Khan
10.0,0,37.0,4.0,3.7,5,2,v Sri Lanka,Pallekele,2022-11-30,ODI # 4490,60.0,Rashid Khan
4.0,0,21.0,0.0,5.25,4,2,v Sri Lanka,Hambantota,2023-06-07,ODI # 4583,24.0,Rashid Khan
9.0,0,21.0,2.0,2.33,6,1,v Bangladesh,Chattogram,2023-07-05,ODI # 4615,54.0,Rashid Khan
9.0,0,28.0,2.0,3.11,5,2,v Bangladesh,Chattogram,2023-07-08,ODI # 4619,54.0,Rashid Khan
6.0,1,30.0,1.0,5.0,1,2,v Netherlands,Doha,2022-01-25,ODI # 4350,36.0,Fazalhaq Farooqi
10.0,1,54.0,4.0,5.4,1,2,v Bangladesh,Chattogram,2022-02-23,ODI # 4357,60.0,Fazalhaq Farooqi
10.0,1,59.0,1.0,5.9,1,1,v Bangladesh,Chattogram,2022-02-25,ODI # 4358,60.0,Fazalhaq Farooqi
7.5,0,33.0,1.0,4.21,1,1,v Bangladesh,Chattogram,2022-02-28,ODI # 4359,47.0,Fazalhaq Farooqi
9.0,1,41.0,2.0,4.55,1,2,v Zimbabwe,Harare,2022-06-04,ODI # 4397,54.0,Fazalhaq Farooqi
8.0,1,34.0,2.0,4.25,1,1,v Zimbabwe,Harare,2022-06-06,ODI # 4400,48.0,Fazalhaq Farooqi
8.0,0,25.0,2.0,3.12,1,1,v Zimbabwe,Harare,2022-06-09,ODI # 4403,48.0,Fazalhaq Farooqi
9.0,0,49.0,4.0,5.44,1,2,v Sri Lanka,Pallekele,2022-11-25,ODI # 4485,54.0,Fazalhaq Farooqi
1.4,0,8.0,0.0,4.8,1,2,v Sri Lanka,Pallekele,2022-11-27,ODI # 4488,9.0,Fazalhaq Farooqi
9.4,0,70.0,0.0,7.24,1,2,v Sri Lanka,Pallekele,2022-11-30,ODI # 4490,58.0,Fazalhaq Farooqi
9.0,0,58.0,2.0,6.44,1,1,v Sri Lanka,Hambantota,2023-06-02,ODI # 4579,54.0,Fazalhaq Farooqi
7.0,0,44.0,0.0,6.28,1,1,v Sri Lanka,Hambantota,2023-06-04,ODI # 4580,42.0,Fazalhaq Farooqi
4.0,0,33.0,0.0,8.25,1,2,v Sri Lanka,Hambantota,2023-06-07,ODI # 4583,24.0,Fazalhaq Farooqi
8.4,1,24.0,3.0,2.76,1,1,v Bangladesh,Chattogram,2023-07-05,ODI # 4615,52.0,Fazalhaq Farooqi
7.2,1,22.0,3.0,3.0,1,2,v Bangladesh,Chattogram,2023-07-08,ODI # 4619,44.0,Fazalhaq Farooqi
5.0,1,26.0,2.0,5.2,1,2,v Bangladesh,Chattogram,2023-07-11,ODI # 4621,30.0,Fazalhaq Farooqi
4.0,0,31.0,0.0,7.75,2,2,v Zimbabwe,Harare,2017-02-24,ODI # 3840,24.0,Karim Janat
1.2,1,8.0,0.0,6.0,7,2,v Netherlands,Sharjah,2012-03-29,ODI # 3270,7.0,Gulbadin Naib
1.0,0,16.0,0.0,16.0,3,1,v Netherlands,Sharjah,2012-03-31,ODI # 3271,6.0,Gulbadin Naib
6.0,0,37.0,1.0,6.16,3,1,v Ireland,Dublin,2012-07-05,ODI # 3282,36.0,Gulbadin Naib
2.0,0,18.0,0.0,9.0,3,1,v Australia,Sharjah,2012-08-25,ODI # 3297,12.0,Gulbadin Naib
9.0,0,31.0,4.0,3.44,4,1,v Scotland,Sharjah,2013-03-06,ODI # 3341,54.0,Gulbadin Naib
2.0,0,12.0,0.0,6.0,7,1,v Scotland,Sharjah,2013-03-08,ODI # 3342,12.0,Gulbadin Naib
2.0,0,23.0,0.0,11.5,6,2,v Zimbabwe,Bulawayo,2014-07-20,ODI # 3504,12.0,Gulbadin Naib
8.0,0,53.0,1.0,6.62,5,2,v U.A.E.,ICCA Dubai,2014-11-28,ODI # 3556,48.0,Gulbadin Naib
4.0,0,21.0,0.0,5.25,7,2,v U.A.E.,ICCA Dubai,2014-11-30,ODI # 3558,24.0,Gulbadin Naib
5.0,0,27.0,1.0,5.4,4,1,v Scotland,ICCA Dubai,2015-01-08,ODI # 3572,30.0,Gulbadin Naib
4.0,0,21.0,1.0,5.25,3,1,v Scotland,Abu Dhabi,2015-01-14,ODI # 3576,24.0,Gulbadin Naib
9.0,0,53.0,1.0,5.88,4,1,v Scotland,Dunedin,2015-02-26,ODI # 3614,54.0,Gulbadin Naib
3.0,0,23.0,0.0,7.66,3,1,v Zimbabwe,Sharjah,2016-01-06,ODI # 3722,18.0,Gulbadin Naib
3.0,1,11.0,0.0,3.66,7,1,v Ireland,Belfast,2016-07-19,ODI # 3764,18.0,Gulbadin Naib
6.0,2,12.0,1.0,2.0,4,2,v Zimbabwe,Harare,2017-02-16,ODI # 3835,36.0,Gulbadin Naib
8.0,0,38.0,2.0,4.75,4,2,v Zimbabwe,Harare,2017-02-19,ODI # 3837,48.0,Gulbadin Naib
6.0,0,27.0,4.0,4.5,3,1,v Zimbabwe,Harare,2017-02-21,ODI # 3838,36.0,Gulbadin Naib
3.0,0,23.0,0.0,7.66,3,2,v Zimbabwe,Harare,2017-02-24,ODI # 3840,18.0,Gulbadin Naib
2.0,0,8.0,1.0,4.0,3,2,v Zimbabwe,Harare,2017-02-26,ODI # 3842,12.0,Gulbadin Naib
9.0,0,54.0,0.0,6.0,3,2,v Ireland,Greater Noida,2017-03-15,ODI # 3850,54.0,Gulbadin Naib
8.0,0,52.0,1.0,6.5,4,2,v Ireland,Greater Noida,2017-03-17,ODI # 3851,48.0,Gulbadin Naib
4.0,0,23.0,0.0,5.75,1,2,v Ireland,Greater Noida,2017-03-19,ODI # 3852,24.0,Gulbadin Naib
8.0,1,28.0,1.0,3.5,3,2,v Ireland,Greater Noida,2017-03-22,ODI # 3853,48.0,Gulbadin Naib
9.0,0,39.0,1.0,4.33,3,1,v Ireland,Greater Noida,2017-03-24,ODI # 3854,54.0,Gulbadin Naib
8.0,0,31.0,1.0,3.87,4,2,v West Indies,Gros Islet,2017-06-09,ODI # 3884,48.0,Gulbadin Naib
5.0,1,15.0,2.0,3.0,4,2,v West Indies,Gros Islet,2017-06-11,ODI # 3887,30.0,Gulbadin Naib
3.0,0,11.0,0.0,3.66,3,2,v Ireland,Sharjah,2017-12-05,ODI # 3935,18.0,Gulbadin Naib
10.0,0,36.0,1.0,3.6,3,1,v Ireland,Sharjah,2017-12-07,ODI # 3937,60.0,Gulbadin Naib
3.0,1,12.0,0.0,4.0,3,2,v Ireland,Sharjah,2017-12-10,ODI # 3940,18.0,Gulbadin Naib
7.0,0,40.0,1.0,5.71,4,2,v Zimbabwe,Sharjah,2018-02-09,ODI # 3972,42.0,Gulbadin Naib
8.0,0,85.0,1.0,10.62,3,1,v Zimbabwe,Sharjah,2018-02-11,ODI # 3974,48.0,Gulbadin Naib
6.0,0,23.0,1.0,3.83,4,1,v Zimbabwe,Sharjah,2018-02-13,ODI # 3975,36.0,Gulbadin Naib
4.0,0,21.0,0.0,5.25,5,2,v Scotland,Bulawayo,2018-03-04,ODI # 3983,24.0,Gulbadin Naib
3.0,0,11.0,0.0,3.66,3,1,v West Indies,Harare,2018-03-15,ODI # 3997,18.0,Gulbadin Naib
4.0,0,10.0,0.0,2.5,3,1,v U.A.E.,Harare,2018-03-20,ODI # 4003,24.0,Gulbadin Naib
5.0,0,15.0,0.0,3.0,3,1,v Ireland,Harare,2018-03-23,ODI # 4006,30.0,Gulbadin Naib
5.0,0,28.0,2.0,5.6,3,1,v West Indies,Harare,2018-03-25,ODI # 4007,30.0,Gulbadin Naib
10.0,1,42.0,1.0,4.2,3,2,v Ireland,Belfast,2018-08-27,ODI # 4032,60.0,Gulbadin Naib
7.0,0,28.0,0.0,4.0,3,2,v Ireland,Belfast,2018-08-29,ODI # 4033,42.0,Gulbadin Naib
5.0,1,34.0,2.0,6.8,3,1,v Ireland,Belfast,2018-08-31,ODI # 4035,30.0,Gulbadin Naib
8.0,0,29.0,2.0,3.62,3,2,v Sri Lanka,Abu Dhabi,2018-09-17,ODI # 4038,48.0,Gulbadin Naib
6.0,0,30.0,2.0,5.0,3,2,v Bangladesh,Abu Dhabi,2018-09-20,ODI # 4041,36.0,Gulbadin Naib
10.0,0,61.0,1.0,6.1,3,2,v Pakistan,Abu Dhabi,2018-09-21,ODI # 4043,60.0,Gulbadin Naib
9.0,0,58.0,0.0,6.44,3,1,v Bangladesh,Abu Dhabi,2018-09-23,ODI # 4045,54.0,Gulbadin Naib
4.0,0,41.0,0.0,10.25,3,2,v India,Dubai (DSC),2018-09-25,ODI # 4046,24.0,Gulbadin Naib
7.2,0,20.0,2.0,2.72,3,1,v Ireland,Dehradun,2019-02-28,ODI # 4100,44.0,Gulbadin Naib
6.0,0,21.0,1.0,3.5,3,2,v Ireland,Dehradun,2019-03-08,ODI # 4108,36.0,Gulbadin Naib
10.0,0,72.0,3.0,7.2,4,1,v Scotland,Edinburgh,2019-05-10,ODI # 4131,60.0,Gulbadin Naib
10.0,0,45.0,1.0,4.5,4,1,v Ireland,Belfast,2019-05-19,ODI # 4139,60.0,Gulbadin Naib
9.2,0,43.0,6.0,4.6,4,2,v Ireland,Belfast,2019-05-21,ODI # 4141,55.0,Gulbadin Naib
5.0,0,32.0,1.0,6.4,4,2,v Australia,Bristol,2019-06-01,ODI # 4146,30.0,Gulbadin Naib
4.0,0,38.0,0.0,9.5,5,1,v Sri Lanka,Cardiff,2019-06-04,ODI # 4149,24.0,Gulbadin Naib
9.0,1,55.0,0.0,6.11,3,2,v New Zealand,Taunton,2019-06-08,ODI # 4154,54.0,Gulbadin Naib
6.0,0,29.0,1.0,4.83,4,2,v South Africa,Cardiff,2019-06-15,ODI # 4160,36.0,Gulbadin Naib
10.0,0,68.0,3.0,6.8,4,1,v England,Manchester,2019-06-18,ODI # 4163,60.0,Gulbadin Naib
9.0,0,51.0,2.0,5.66,3,1,v India,Southampton,2019-06-22,ODI # 4169,54.0,Gulbadin Naib
10.0,1,56.0,2.0,5.6,4,1,v Bangladesh,Southampton,2019-06-24,ODI # 4172,60.0,Gulbadin Naib
9.4,0,73.0,0.0,7.55,3,2,v Pakistan,Leeds,2019-06-29,ODI # 4177,58.0,Gulbadin Naib
3.0,0,18.0,0.0,6.0,4,1,v West Indies,Leeds,2019-07-04,ODI # 4184,18.0,Gulbadin Naib
5.0,0,28.0,0.0,5.6,5,2,v West Indies,Lucknow,2019-11-06,ODI # 4213,30.0,Gulbadin Naib
7.0,0,36.0,1.0,5.14,3,2,v Ireland,Abu Dhabi,2021-01-21,ODI # 4271,42.0,Gulbadin Naib
9.0,0,64.0,1.0,7.11,3,1,v Ireland,Abu Dhabi,2021-01-24,ODI # 4273,54.0,Gulbadin Naib
3.0,0,23.0,0.0,7.66,4,2,v Ireland,Abu Dhabi,2021-01-26,ODI # 4275,18.0,Gulbadin Naib
8.0,0,38.0,0.0,4.75,3,2,v Netherlands,Doha,2022-01-21,ODI # 4345,48.0,Gulbadin Naib
5.0,0,18.0,0.0,3.6,5,2,v Netherlands,Doha,2022-01-23,ODI # 4348,30.0,Gulbadin Naib
3.5,0,25.0,0.0,6.52,6,2,v Bangladesh,Chattogram,2022-02-23,ODI # 4357,23.0,Gulbadin Naib
5.0,0,25.0,0.0,5.0,4,1,v Bangladesh,Chattogram,2022-02-28,ODI # 4359,30.0,Gulbadin Naib
8.0,0,34.0,3.0,4.25,4,2,v Sri Lanka,Pallekele,2022-11-25,ODI # 4485,48.0,Gulbadin Naib
6.0,0,48.0,0.0,8.0,3,2,v Sri Lanka,Pallekele,2022-11-30,ODI # 4490,36.0,Gulbadin Naib
2.0,0,19.0,1.0,9.5,5,2,v Sri Lanka,Hambantota,2023-06-07,ODI # 4583,12.0,Gulbadin Naib
4.2,0,36.0,0.0,8.3,2,1,v Bangladesh,Chattogram,2023-07-05,ODI # 4615,26.0,Mohammad Saleem
6.0,0,34.0,0.0,5.66,3,2,v Bangladesh,Chattogram,2023-07-08,ODI # 4619,36.0,Mohammad Saleem
6.0,0,44.0,0.0,7.33,2,1,v U.A.E.,ICCA Dubai,2014-12-02,ODI # 3560,36.0,Fareed Ahmad
6.0,0,19.0,2.0,3.16,2,1,v Zimbabwe,Harare,2017-02-21,ODI # 3838,36.0,Fareed Ahmad
3.0,0,15.0,0.0,5.0,1,2,v Zimbabwe,Harare,2017-02-24,ODI # 3840,18.0,Fareed Ahmad
10.0,0,65.0,3.0,6.5,1,1,v Ireland,Greater Noida,2017-03-24,ODI # 3854,60.0,Fareed Ahmad
9.0,1,29.0,2.0,3.22,3,2,v Netherlands,Doha,2022-01-23,ODI # 4348,54.0,Fareed Ahmad
7.0,0,23.0,1.0,3.28,3,2,v Netherlands,Doha,2022-01-25,ODI # 4350,42.0,Fareed Ahmad
8.0,0,56.0,2.0,7.0,2,1,v Bangladesh,Chattogram,2022-02-25,ODI # 4358,48.0,Fareed Ahmad
9.0,2,27.0,1.0,3.0,2,2,v Zimbabwe,Harare,2022-06-04,ODI # 4397,54.0,Fareed Ahmad
10.0,0,56.0,3.0,5.6,3,1,v Zimbabwe,Harare,2022-06-06,ODI # 4400,60.0,Fareed Ahmad
6.0,1,9.0,1.0,1.5,2,1,v Zimbabwe,Harare,2022-06-09,ODI # 4403,36.0,Fareed Ahmad
8.0,0,43.0,2.0,5.37,3,1,v Sri Lanka,Hambantota,2023-06-02,ODI # 4579,48.0,Fareed Ahmad
9.0,0,61.0,2.0,6.77,4,1,v Sri Lanka,Hambantota,2023-06-04,ODI # 4580,54.0,Fareed Ahmad
1.0,0,8.0,0.0,8.0,2,2,v Sri Lanka,Hambantota,2023-06-07,ODI # 4583,6.0,Fareed Ahmad
3.0,1,4.0,0.0,1.33,6,2,v Zimbabwe,Sharjah,2015-12-25,ODI # 3713,18.0,Yamin Ahmadzai
7.0,1,23.0,1.0,3.28,2,2,v Ireland,Belfast,2016-07-17,ODI # 3763,42.0,Yamin Ahmadzai
8.0,0,63.0,1.0,7.87,1,1,v Ireland,Belfast,2016-07-19,ODI # 3764,48.0,Yamin Ahmadzai
8.4,1,49.0,0.0,5.65,2,2,v West Indies,Lucknow,2019-11-11,ODI # 4215,52.0,Yamin Ahmadzai
9.0,1,34.0,2.0,3.77,1,2,v Netherlands,Doha,2022-01-21,ODI # 4345,54.0,Yamin Ahmadzai
10.0,0,50.0,1.0,5.0,1,2,v Netherlands,Doha,2022-01-23,ODI # 4348,60.0,Yamin Ahmadzai
5.0,0,35.0,0.0,7.0,3,2,v Bangladesh,Chattogram,2022-02-23,ODI # 4357,30.0,Yamin Ahmadzai
6.0,0,46.0,2.0,7.66,2,2,v Sri Lanka,Pallekele,2022-11-25,ODI # 4485,36.0,Yamin Ahmadzai
